﻿<servicedocument>
	<PerformanceAnalysis>
		<stage id="submit" startedat="" completedat="11:51:58:595" period=""/>
		<stage id="processing" startedat="11:51:58:626" completedat="11:52:4:584" period="0:5:958"/>
		<stage id="transformation" startedat="" completedat="" period=""/>
		<stage id="loading" startedat="0" completedat="11:51:15:247" period="1733734275247"/>
	</PerformanceAnalysis>
	<actionservice>
		<actioncontrol fingerprinttoken="" userid="broker.slb" password="" authenticated="1" roleid="" pageid="LatestUpdatesVwPg" profileid="" templateid="" actionid="ShowLatestUpdate" actiontype="X" actioncriteria="[LatestUpdates].[StateId]='LatestUpdatesActivatedState'" nextactionid="" nextactioncriteria="" continue="0" listpagesizes="" listpage="" previouspageid="" previousactionid="" previousactioncriteria="" previousprofileid="" actionpageid="LatestUpdatesVwPg" passwordreset="" passwordlastresetdate="" passworddaystoexpire="" actioncallfilter="" smartclient="" twofactorauthcode="" searchpageid="" searchactioncriteria="" searchactionid="" searchpagenumber="" searchnode="" searchsorttype="" searchsortby=""/>
		<exception code="" type="" message="" context_value="" sourcecode="" stack="">
			<details/>
			<actorexceptions/>
		</exception>
	</actionservice>
	<user RowNumber="1" OwnerLocId="8998" LogInPortName="SULAIBIYA" LogInPortId="7050808" DepartmentId="350" ThemeId="Blue" UserType="0" StateId="PeopleCreatedState" selected="" OrganizationId="44676" UserId="broker.slb" LanguageId="eng" LastLogOnTime="2024-12-08T17:30:45+03:00" Password="" LogInPortNameAra="الجمرك البري" CreatedBy="mn.narayanan" Direction="ltr" PersonalId="161926" OrganizationType="Clearing Agents" CultureId="ara" FirstName="Broker" Roles="" message="" AccountStatus="y" StdLocationTypeTypeId="33223960" MenuType="vm" AllowMenuAccess="1" OpenTime="2024-12-09T11:51:31.14+03:00" UnitId="" SectionId="" Groups="" Token="" TimeZone="" FileNo="" TwoFactorAuth="" PortSites="" RestrictAccess="" IsEmailVerified="0" IsFirstLogin="0" UserCustDepartmentId="" MenuOrder="" MenuFavourites="" AllowedBrowsers="" Activities="" IsMobileVerified="0" LatestUpdates="y" PWDPolicyEnable="Y" PWDPolicyEnabledDate="">
		<AllowedMenuActions/>
		<AllowedPageActions/>
	</user>
	<pagelets>
		<xpagelet id="LatestUpdatesVwPg" Classes="Form[@id='HomePage']" type="" cultureid="" LanguageId="eng" dir="ltr" availHeight="" availWidth="" MinAcceptableYear="1900" user_dateformat="dmy" user_dateseparator="-" user_decimalchar="." xml_dateformat="ymd" xml_dateseparator="-" xml_decimalchar="." xml_date="longdate" WindowStamp="" BaseFormName="LatestUpdatesVwPg" BaseFormCtrlIndex=""/>
	</pagelets>
	<data>
		<LatestUpdatesrecords PageSize="1" PageCount="209" PageNumber="1" TotalRecordsFetched="209" SortBy="[LatestUpdates].[UpdateDate]" SortType="DESC">
			<LatestUpdates RowNumber="1" UpdateDateDESC="2023-06-08T14:43:30+03:00" UserNotificationNo="UN/342" OwnerLocId="712360" Message=""   EffectiveTo="6000-12-31T00:00:00+03:00"   EffectiveFrom="2023-06-08T00:00:00+03:00"   UpdateNumber="UN/342"   UpdateDate="2023-06-08T14:43:30+03:00"   Subject="Customs System Maintenance Activities"   CreatedBy="Mohamed.Yehia"   LatestUpdateId="612"   DateOfIssue="2023-06-08T00:00:00+03:00"   OwnerOrgId="29588"   selected=""   AutoActivate="0"   NotificationType="33224647"   StateId="LatestUpdatesActivatedState"   OpenTime="2024-12-09T11:51:36.673+03:00"   ShowAgain=""   ApprovalDate=""   LatestUpdatesGroup="" />

		</LatestUpdatesrecords>
	</data>
	<domaindata>
		<select id="NotificationType">
			<option RowNumber="1" TypeId="33224644" LocalDescription="دوران الجمارك" OwnerLocId="8998" CreatedBy="MicroClear" Code="" OwnerOrgId="29588" ParentId="" Description="Customs Circulation" selected="" Name="Customs Circulation" DataProfileClassId="" TypeTypeId="33223305" StateId="NotificationTypeModifiedState" OpenTime="2024-12-09T11:51:36.75+03:00" NotificationType_Id=""/>
			<option RowNumber="2" TypeId="33224645" LocalDescription="تعليمات الجمارك" OwnerLocId="8998" CreatedBy="MicroClear" Code="" OwnerOrgId="29588" ParentId="" Description="Customs Instruction" selected="" Name="Customs Instruction" DataProfileClassId="" TypeTypeId="33223305" StateId="NotificationTypeModifiedState" OpenTime="2024-12-09T11:51:36.75+03:00" NotificationType_Id=""/>
			<option RowNumber="3" TypeId="33224646" LocalDescription="التغيرات الجديدة" OwnerLocId="8998" CreatedBy="MicroClear" Code="" OwnerOrgId="29588" ParentId="" Description="New Changes" selected="" Name="New Changes" DataProfileClassId="" TypeTypeId="33223305" StateId="NotificationTypeCreatedState" OpenTime="2024-12-09T11:51:36.75+03:00" NotificationType_Id=""/>
			<option RowNumber="4" TypeId="33224647" LocalDescription="أخرى”" OwnerLocId="8998" CreatedBy="MicroClear" Code="" OwnerOrgId="29588" ParentId="" Description="Others" selected="" Name="Others" DataProfileClassId="" TypeTypeId="33223305" StateId="NotificationTypeCreatedState" OpenTime="2024-12-09T11:51:36.75+03:00" NotificationType_Id=""/>
			<option RowNumber="5" TypeId="33224648" LocalDescription="تحديثات النظام" OwnerLocId="8998" CreatedBy="MicroClear" Code="" OwnerOrgId="29588" ParentId="" Description="System Updates" selected="" Name="System Updates" DataProfileClassId="" TypeTypeId="33223305" StateId="NotificationTypeCreatedState" OpenTime="2024-12-09T11:51:36.75+03:00" NotificationType_Id=""/>
		</select>
	</domaindata>
	<Languages>
		<Language id="ara" Name="Arabic" Direction="rtl"/>
		<Language id="eng" Name="English" Direction="ltr"/>
	</Languages>
	<Insts LastSDOptions="0" SDStamp="(69000dc6-966b-46e2-b8f9-82a8856e2258)" IgnoreCache="0"/>
</servicedocument>