<?xml version="1.0"?>

<servicedocument>


<actionservice>
		<actioncontrol passworddaystoexpire="" passwordlastresetdate="" passwordreset="" templateid="" actionpageid="ListInbox" previousactioncriteria="" previousactionid="" previouspageid="" twofactorauthcode="" previousprofileid="" listpagesizes="" roleid="" listpage="" continue="" nextactioncriteria="" nextactionid="" smartclient="" actioncallfilter="" actiontype="X" actioncriteria="[UserPorts].[UserId]='ma.ali'" actionid="GetUserPorts" profileid="" pageid="ListInbox" authenticated="1" password="" userid="ma.ali"/>
		<exception stack="" sourcecode="" type="" context_value="" message="" code=""/>
	</actionservice>


<PerformanceAnalysis>
		<stage period="" completedat="16:48:39:199" startedat="" id="submit"/>
		<stage period="3:25:836" completedat="16:52:6:232" startedat="16:48:40:396" id="processing"/>
		<stage period="" completedat="" startedat="" id="transformation"/>
		<stage period="" completedat="" startedat="" id="loading"/>
	</PerformanceAnalysis>


<user message="" PWDPolicyEnabledDate="" PWDPolicyEnable="Y" LatestUpdates="0" IsMobileVerified="0" AllowedBrowsers="" MenuFavourites="" MenuOrder="" UserCustDepartmentId="" RestrictAccess="" PortSites="" TwoFactorAuth="" FileNo="" TimeZone="" Token="" Groups="" SectionId="" UnitId="" OpenTime="2025-01-01T16:45:20.353+03:00" AllowMenuAccess="1" MenuType="vm" IsFirstLogin="0" IsEmailVerified="0" StdLocationTypeTypeId="33223961" AccountStatus="y" Roles="" FirstName="FirstName 52216" CultureId="eng" OrganizationType="HOST" PersonalId="52216" Direction="ltr" CreatedBy="rn.rajagopalan" LogInPortNameAra="ميناء الشويخ" Password="" LastLogOnTime="2025-01-01T16:35:09+03:00" LanguageId="eng" UserId="ma.ali" OrganizationId="29588" selected="" StateId="PeopleCreatedState" UserType="0" ThemeId="Blue" DepartmentId="8483001" LogInPortId="712360" LogInPortName="SHUWAIKH" OwnerLocId="8998" RowNumber="1">


<AllowedMenuActions>
			<action type="select" id="ListItem"/>
			<action type="select" id="ListItem"/>
			<action type="select" id="ListPVValuationRequests"/>
			<action type="select" id="ListHouseBills"/>
			<action type="select" id="ListHouseBillsForAmendment"/>
			<action type="select" id="ListHouseBillsForInboundSheet"/>
			<action type="update" id="ListDRHouseBillsForInspector"/>
			<action type="select" id="ListInternalBills"/>
			<action type="select" id="GblAdvSrchForAud"/>
			<action type="select" id="ListDDInternalBills"/>
			<action type="select" id="ListPendingHBs"/>
			<action type="select" id="ListJobTitles"/>
			<action type="select" id="ListAssessment"/>
			<action type="select" id="ListRMSComplexAnalysisRequest"/>
			<action type="select" id="ListCounters"/>
			<action type="select" id="ListDocumentTypes"/>
			<action type="select" id="ListExitGates"/>
			<action type="select" id="ListExitGates"/>
			<action type="update" id="ListReceipt"/>
			<action type="select" id="ListVehicleInsurance"/>
			<action type="select" id="ListOrganizations"/>
			<action type="select" id="ListOrganizations"/>
			<action type="select" id="ListOrganizations"/>
			<action type="select" id="ListMenuOrganizations"/>
			<action type="select" id="ListImporterOrganizations"/>
			<action type="select" id="ListVehicleAuthorizationForm"/>
			<action type="select" id="ListSupportSvcTransaction"/>
			<action type="select" id="ListDuesRejAmend"/>
			<action type="select" id="ListInbox"/>
			<action type="select" id="ListRiskTargets"/>
			<action type="select" id="ListGCSAccounts"/>
			<action type="select" id="ListMenuVehicleShapeGroup"/>
			<action type="select" id="ListMCOfficers"/>
			<action type="select" id="ListLatestUpdates"/>
			<action type="select" id="ListLatestUpdatesToAll"/>
			<action type="select" id="ListFTZWHUnits"/>
			<action type="select" id="ListMenuCWHUnloadingRequest"/>
			<action type="select" id="ListVehicleStatus"/>
			<action type="select" id="ListMechanicalCertificatesReExp"/>
			<action type="select" id="ListSuppManifests"/>
			<action type="select" id="ListExchangeRates"/>
			<action type="select" id="ListOrganizationRegistration"/>
			<action type="select" id="ListWtScaleTrucks"/>
			<action type="select" id="ListGCCClaims"/>
			<action type="select" id="ListExportManifests"/>
			<action type="select" id="ListMenuDigitalDocumentRequest"/>
			<action type="select" id="ListBusinessRole"/>
			<action type="select" id="OpenCargoPreferences"/>
			<action type="select" id="OpenDeclarationPreferences"/>
			<action type="select" id="OpenInspectionPreferences"/>
			<action type="select" id="ListMenuVehiclePassengerInspection"/>
			<action type="update" id="OpenKGACMOICESQueue"/>
			<action type="select" id="ListMenuVehicleTransactions"/>
			<action type="select" id="ListMenuVehicleOutTransactions"/>
			<action type="select" id="ListNoObjectionCertificates"/>
			<action type="select" id="ListSampleRequest"/>
			<action type="select" id="ListIDDDetails"/>
			<action type="select" id="ListTransferRequests"/>
			<action type="select" id="ListPeople"/>
			<action type="select" id="ListCRFDetails"/>
			<action type="select" id="ListCRFODetails"/>
			<action type="select" id="ListRiskTargetActions"/>
			<action type="select" id="ListRamaZPatients"/>
			<action type="select" id="ListBankGuarantee"/>
			<action type="select" id="ListMenuDigDocsReqReplica"/>
			<action type="select" id="ListWorkloadGroupForDistributors"/>
			<action type="select" id="ListMenuworkloadGroup"/>
			<action type="select" id="ListMenuCarType"/>
			<action type="select" id="ListCustomsCollectionStatistics"/>
			<action type="select" id="ListImporterPaymentRequests"/>
			<action type="select" id="ListDeclarationForMaqasa"/>
			<action type="select" id="ListMenuVehicleTELForm"/>
			<action type="select" id="ListMenuVehicleTELForm"/>
			<action type="select" id="ListStorageRequests"/>
			<action type="select" id="ListRiskIndicator"/>
			<action type="select" id="ListCurrencys"/>
			<action type="select" id="ListMenuRSFReceipts"/>
			<action type="select" id="ListDuty"/>
			<action type="select" id="ListTripTiks"/>
			<action type="select" id="ListVerReq"/>
			<action type="select" id="ListVesselInspection"/>
			<action type="select" id="ListMissingLuggages"/>
			<action type="select" id="ListMenuVehicleColorTypes"/>
			<action type="select" id="ListListProfiles"/>
			<action type="select" id="ListProfileGroups"/>
			<action type="select" id="ListWtScaleReceipt"/>
			<action type="select" id="ListPPTransfers"/>
			<action type="select" id="ListConfiscate"/>
			<action type="select" id="ListNotifyBlockingUsers"/>
			<action type="select" id="AuditorSignInOut"/>
			<action type="select" id="BFAuditorSignInOut"/>
			<action type="select" id="ListAuditorPerformance"/>
			<action type="select" id="ListUserDetails"/>
			<action type="select" id="ListDocDeptUsers"/>
			<action type="select" id="ListDD"/>
			<action type="select" id="ListReleaseToBonded"/>
			<action type="select" id="ListGCSInvoiceMenu"/>
			<action type="select" id="ListTRStorageRequestOGDApp"/>
			<action type="select" id="ListFTZProforma"/>
			<action type="select" id="ViewLocationType"/>
			<action type="select" id="ListLocationTypes"/>
			<action type="update" id="ListCarriersMenu"/>
			<action type="select" id="ListCustomsYear"/>
			<action type="select" id="ListMeasurementUnitTypes"/>
			<action type="select" id="ListExportHouseBills"/>
			<action type="select" id="SearchExpHouseBillsForExpInboundSheet"/>
			<action type="select" id="ListTRMissingluggages"/>
			<action type="select" id="ListRoles"/>
			<action type="select" id="ListMenuDohaVesselInspection"/>
			<action type="select" id="ListDuesForKuwait"/>
			<action type="select" id="ListDuesOnKuwait"/>
			<action type="select" id="ListRILOCustomsDepartmentAdmin"/>
			<action type="select" id="ListReleaseInRequests"/>
			<action type="select" id="ListWHInspections"/>
			<action type="select" id="ListMenuSeenOnExit"/>
			<action type="select" id="ListInspections"/>
			<action type="select" id="ListInspections"/>
			<action type="select" id="ListInspections"/>
			<action type="select" id="ListInspections"/>
			<action type="select" id="ListCustomsOrganization"/>
			<action type="select" id="ListTRDestroyRequests"/>
			<action type="select" id="ListGCSReceiptsRevenueValidation"/>
			<action type="select" id="ListMCPaymentReceipts"/>
			<action type="select" id="ORDListMCPaymentReceipts"/>
			<action type="select" id="ListMenuDrivers"/>
			<action type="select" id="ListAuctionRequests"/>
			<action type="select" id="ListDohaManifest"/>
			<action type="select" id="ListPayments"/>
			<action type="select" id="ListRiskTypes"/>
			<action type="select" id="ListDeclarationsOGD"/>
			<action type="select" id="ShiftManagement"/>
			<action type="select" id="ListGoodsDetection"/>
			<action type="select" id="ListExpJourney"/>
			<action type="select" id="ListOGAAutoApprovalConfig"/>
			<action type="select" id="ListMenuCMRequest"/>
			<action type="select" id="ListMenuCMRequest"/>
			<action type="select" id="ListMenuCMRequestExport"/>
			<action type="select" id="ListMenuCMRequestImport"/>
			<action type="select" id="ListMenuSettlementForm"/>
			<action type="select" id="ListInspectionLocationParameter"/>
			<action type="select" id="RMSOrganizationProfile"/>
			<action type="select" id="ListMenuBWHBankGuarantee"/>
			<action type="select" id="ListExemptionRequest"/>
			<action type="select" id="ListConsigneeSpecificRules"/>
			<action type="select" id="ListItemPrice"/>
			<action type="select" id="ListSection"/>
			<action type="select" id="ListSection"/>
			<action type="select" id="ListCustomsControlProcedures"/>
			<action type="select" id="ListCustomsProcedures"/>
			<action type="select" id="ListBrokerExamResult"/>
			<action type="select" id="ListEServiceRequests"/>
			<action type="select" id="ListMenuOutProcess"/>
			<action type="select" id="ListReportRequest"/>
			<action type="select" id="ListQuotas"/>
			<action type="select" id="ListQuotas"/>
			<action type="select" id="ListMenuInProcessRequest"/>
			<action type="select" id="ListCCRequests"/>
			<action type="select" id="ListMenuUTFRequest"/>
			<action type="select" id="ListOracleRBatchs"/>
			<action type="select" id="ListFTZItems"/>
			<action type="select" id="ListChapter"/>
			<action type="select" id="ListChapter"/>
			<action type="select" id="ListScanDocumentRequest"/>
			<action type="select" id="ListHeading"/>
			<action type="select" id="ListHeading"/>
			<action type="select" id="ListShip"/>
			<action type="select" id="ListExportOrders"/>
			<action type="select" id="ListGCSPriceLists"/>
			<action type="select" id="ListDeclareRequest"/>
			<action type="select" id="ListGCSServices"/>
			<action type="select" id="ListJourneys"/>
			<action type="update" id="DownloadInfoPathForm"/>
			<action type="select" id="ListGCCPreferences"/>
			<action type="select" id="ListClosePassengerDetails"/>
			<action type="select" id="ListPassengerDetails"/>
			<action type="select" id="ListPostalDetails"/>
			<action type="select" id="ListPaymentRequest"/>
			<action type="select" id="listZpatientatif2024"/>
			<action type="select" id="ListDuesTransfer"/>
			<action type="select" id="ListDuesTransfer"/>
			<action type="select" id="ListRMSGroups"/>
			<action type="select" id="ListRMSGroups"/>
			<action type="select" id="VRSListType"/>
			<action type="select" id="ListType"/>
			<action type="select" id="ListIQManifest"/>
			<action type="select" id="ListXRayMappingScannedImages"/>
			<action type="select" id="ListMenuVRSPreferences"/>
			<action type="select" id="OpenRiskConfigParams"/>
			<action type="select" id="ListReports"/>
			<action type="select" id="ListReports"/>
			<action type="select" id="ListQMSReports"/>
			<action type="select" id="ListPriceAssessmentReports"/>
			<action type="select" id="ListPriceAssessmentReports"/>
			<action type="select" id="ListPNReports"/>
			<action type="select" id="ListMOJReports"/>
			<action type="select" id="ListMonitoringReports"/>
			<action type="select" id="ListOrganizationReviewerReadOnlyReports"/>
			<action type="select" id="ListMenuWtScaleReports"/>
			<action type="select" id="ListMiscellaneousReports"/>
			<action type="select" id="ListLandReports"/>
			<action type="select" id="ListStatisticalReports"/>
			<action type="select" id="ListRSFReports"/>
			<action type="select" id="ListVRSReports"/>
			<action type="select" id="ListWorkloadReports"/>
			<action type="select" id="ListRevenuecollectionReports"/>
			<action type="select" id="ListRMSMonitoringReports"/>
			<action type="select" id="ListSFReports"/>
			<action type="select" id="ListTransactionalReports"/>
			<action type="select" id="ListDeclarationReports"/>
			<action type="select" id="ListElectronicTransferReports"/>
			<action type="select" id="ListDigitalDocumentReports"/>
			<action type="select" id="ListBlockingReports"/>
			<action type="select" id="ListBrokerReports"/>
			<action type="select" id="ListBWHReports"/>
			<action type="select" id="ListCRFReports"/>
			<action type="select" id="ListCSFinanceReports"/>
			<action type="select" id="ListConfiscationStatsReports"/>
			<action type="select" id="ListGCSReports"/>
			<action type="select" id="ListGCSInvoiceReports"/>
			<action type="select" id="ListExportManifestReports"/>
			<action type="select" id="ListExemptionReports"/>
			<action type="select" id="ListGCCReports"/>
			<action type="select" id="ListGCCReports"/>
			<action type="select" id="ListInspectionStatsReports"/>
			<action type="select" id="ListManifestReports"/>
			<action type="select" id="ListManifestStatsReports"/>
			<action type="select" id="ListMaqasaReports"/>
			<action type="select" id="OpenMOCILicSearch"/>
			<action type="select" id="ListCRFPassengerDetails"/>
			<action type="select" id="ListDestroyFinding"/>
			<action type="select" id="ListPVInformationRequests"/>
			<action type="select" id="ListRamaPatients"/>
			<action type="select" id="ListPVDoubtRequests"/>
			<action type="select" id="ListTRInspections"/>
			<action type="select" id="ListDistributeToAuditors"/>
			<action type="select" id="DistributeRecievedDeclarations"/>
			<action type="select" id="ListCollectionAccounts"/>
			<action type="select" id="ListRevenueAccounts"/>
			<action type="select" id="ListUserAccounts"/>
			<action type="select" id="ListRisks"/>
			<action type="select" id="ListTransferPaymentRequest"/>
			<action type="select" id="ListFTZLicenses"/>
			<action type="select" id="ListMenuAdditionalDocRequest"/>
			<action type="select" id="ListPromissoryNotes"/>
			<action type="select" id="ListBlacklistedConsignees"/>
			<action type="select" id="ListDestroyRequests"/>
			<action type="select" id="ListShoppingCenterExitForm"/>
			<action type="select" id="ListMenuBrokBGDetails"/>
			<action type="select" id="ListRILOFindingReasons"/>
			<action type="select" id="ListMnuVRMBlocking"/>
			<action type="select" id="ListKNETMerchantDetails"/>
			<action type="select" id="UploadKNETMerchantDetails"/>
			<action type="select" id="ListDohaWarehouse"/>
			<action type="select" id="ListVehicleRegistrationForms"/>
			<action type="select" id="ListRcptRefundRequests"/>
			<action type="select" id="ListSecurityPackages"/>
			<action type="select" id="ListDeclarationGroupItem"/>
			<action type="select" id="ListDocumentSubMissionItems"/>
			<action type="select" id="ListDutyRevenueAccounts"/>
			<action type="select" id="ListCommercialInvoices"/>
			<action type="update" id="StatsModule"/>
			<action type="update" id="StatsModule"/>
			<action type="update" id="GenerateTokensForCTS"/>
			<action type="select" id="ListMenuBrokerFines"/>
			<action type="create" id="ListAttorneyTransactions"/>
			<action type="select" id="ListReExportRequest"/>
			<action type="select" id="ListBlocking"/>
			<action type="select" id="ListBlocking"/>
			<action type="select" id="ListRILOConfiscation"/>
			<action type="select" id="ListFTZWareHouses"/>
			<action type="select" id="ListExamsAnnouncements"/>
			<action type="select" id="ListMenuFileCommunicationDetails"/>
			<action type="select" id="ListDohaShifts"/>
			<action type="select" id="ListRMSBIAnalytics"/>
			<action type="select" id="ListMechanicalCertificates"/>
			<action type="select" id="ListDeclarationGroups"/>
			<action type="select" id="ListPassengerSuspects"/>
			<action type="select" id="ListBWHBankGuaranteeRequest"/>
			<action type="select" id="ListSSC"/>
			<action type="select" id="ListExemptionCertificate"/>
			<action type="select" id="ListExceptionalReceipts"/>
			<action type="select" id="ListLabTestRequests"/>
			<action type="select" id="ListLabTestResults"/>
			<action type="select" id="ListGCCClaimedDetails"/>
			<action type="select" id="ListBrReceipts"/>
			<action type="select" id="ListSubHeadings"/>
			<action type="select" id="ListSubHeadings"/>
			<action type="select" id="ListInspTransfer"/>
			<action type="select" id="ListEServiceAccountRequests"/>
			<action type="select" id="ListMenuVehicleDetails"/>
			<action type="select" id="ListDeliveryOrderForDeclaration"/>
			<action type="select" id="ListDeliveryOrderForDeclVehicles"/>
			<action type="select" id="ListDeliveryOrders"/>
		</AllowedMenuActions>


<AllowedPageActions x="">


<action type="select" id="ViewHouseBill" HasSteps="yes" DataProfileId="HouseBills" DataProfileType="T">
				<Transition type="select" id="ViewHouseBill" HasSteps="yes" DataProfileId="HouseBills" DataProfileType="p" TransitionId="616" ToStateId="HouseBillSplited" FromStateId="HouseBillSplited"/>
				<Transition type="select" id="ViewHouseBill" HasSteps="yes" DataProfileId="HouseBills" DataProfileType="p" TransitionId="1860" ToStateId="HouseBillsDOIssuedState" FromStateId="HouseBillsDOIssuedState"/>
				<Transition type="select" id="ViewHouseBill" HasSteps="yes" DataProfileId="HouseBills" DataProfileType="p" TransitionId="3190" ToStateId="HouseBillClosed" FromStateId="HouseBillClosed"/>
				<Transition type="select" id="ViewHouseBill" HasSteps="yes" DataProfileId="HouseBills" DataProfileType="p" TransitionId="3191" ToStateId="HouseBillOpened" FromStateId="HouseBillOpened"/>
				<Transition type="select" id="ViewHouseBill" HasSteps="yes" DataProfileId="HouseBills" DataProfileType="p" TransitionId="4332" ToStateId="HouseBillClosed" FromStateId="HouseBillClosed"/>
				<Transition type="select" id="ViewHouseBill" HasSteps="yes" DataProfileId="HouseBills" DataProfileType="p" TransitionId="5839" ToStateId="HouseBillsNOCIssued" FromStateId="HouseBillsNOCIssued"/>
				<Transition type="select" id="ViewHouseBill" HasSteps="yes" DataProfileId="HouseBills" DataProfileType="p" TransitionId="7760" ToStateId="TransferBOLApproved" FromStateId="TransferBOLApproved"/>
				<Transition type="select" id="ViewHouseBill" HasSteps="yes" DataProfileId="HouseBills" DataProfileType="p" TransitionId="8161" ToStateId="HouseBillOpened" FromStateId="HouseBillOpened"/>
				<Transition type="select" id="ViewHouseBill" HasSteps="yes" DataProfileId="HouseBills" DataProfileType="p" TransitionId="8557" ToStateId="HouseBillsAssessmentCompleted" FromStateId="HouseBillsAssessmentCompleted"/>
				<Transition type="select" id="ViewHouseBill" HasSteps="yes" DataProfileId="HouseBills" DataProfileType="p" TransitionId="9520" ToStateId="SuppManBOLAppState" FromStateId="SuppManBOLAppState"/>
				<Transition type="select" id="ViewHouseBill" HasSteps="yes" DataProfileId="HouseBills" DataProfileType="p" TransitionId="10424" ToStateId="TransferBOLTypeRequest" FromStateId="TransferBOLTypeRequest"/>
				<Transition type="select" id="ViewHouseBill" HasSteps="yes" DataProfileId="HouseBills" DataProfileType="p" TransitionId="11966" ToStateId="HouseBillCanceledState" FromStateId="HouseBillCanceledState"/>
				<Transition type="select" id="ViewHouseBill" HasSteps="yes" DataProfileId="HouseBills" DataProfileType="p" TransitionId="12213" ToStateId="HouseBillsCreatedState" FromStateId="HouseBillsCreatedState"/>
				<Transition type="select" id="ViewHouseBill" HasSteps="yes" DataProfileId="HouseBills" DataProfileType="p" TransitionId="13566" ToStateId="HouseBillsIDDApprovedState" FromStateId="HouseBillsIDDApprovedState"/>
			</action>


<action type="create" id="CreateMessage" HasSteps="yes" DataProfileId="MessagingSystem" DataProfileType="T">
				<Transition type="create" id="CreateMessage" HasSteps="yes" DataProfileId="MessagingSystem" DataProfileType="p" TransitionId="3469" ToStateId="MessagingSystemStartState" FromStateId="MessagingSystemStartState"/>
			</action>


<action type="select" id="ListOutBox" HasSteps="yes" DataProfileId="MessagingSystem" DataProfileType="T">
				<Transition type="select" id="ListOutBox" HasSteps="yes" DataProfileId="MessagingSystem" DataProfileType="p" TransitionId="8127" ToStateId="MessagingSystemCreatedState" FromStateId="MessagingSystemCreatedState"/>
			</action>


<action type="update" id="MarkAsUnRead" HasSteps="yes" DataProfileId="MessagingSystem" DataProfileType="T">
				<Transition type="update" id="MarkAsUnRead" HasSteps="yes" DataProfileId="MessagingSystem" DataProfileType="p" TransitionId="2953" ToStateId="MessagingSystemCreatedState" FromStateId="MessagingSystemCreatedState"/>
			</action>


<action type="select" id="OpenMessage" HasSteps="yes" DataProfileId="MessagingSystem" DataProfileType="T">
				<Transition type="select" id="OpenMessage" HasSteps="yes" DataProfileId="MessagingSystem" DataProfileType="p" TransitionId="7969" ToStateId="MessagingSystemCreatedState" FromStateId="MessagingSystemCreatedState"/>
			</action>


<action type="select" id="ViewMessage" HasSteps="yes" DataProfileId="MessagingSystem" DataProfileType="T">
				<Transition type="select" id="ViewMessage" HasSteps="yes" DataProfileId="MessagingSystem" DataProfileType="p" TransitionId="7970" ToStateId="MessagingSystemCreatedState" FromStateId="MessagingSystemCreatedState"/>
			</action>


<action type="select" id="OpenSuppManifests" HasSteps="yes" DataProfileId="SuppManifests" DataProfileType="T">
				<Transition type="select" id="OpenSuppManifests" HasSteps="yes" DataProfileId="SuppManifests" DataProfileType="p" TransitionId="4658" ToStateId="SuppManifestsCreatedState" FromStateId="SuppManifestsCreatedState"/>
				<Transition type="select" id="OpenSuppManifests" HasSteps="yes" DataProfileId="SuppManifests" DataProfileType="p" TransitionId="6134" ToStateId="SuppManifestsAwaitingAppState" FromStateId="SuppManifestsAwaitingAppState"/>
				<Transition type="select" id="OpenSuppManifests" HasSteps="yes" DataProfileId="SuppManifests" DataProfileType="p" TransitionId="11507" ToStateId="SuppManifestsAppState" FromStateId="SuppManifestsAppState"/>
			</action>
		</AllowedPageActions>
	</user>
	<menus/>


<pagelets>
		<xpagelet dir="ltr" type="" id="ListInbox" LanguageId="eng" BaseFormCtrlIndex="0" BaseFormName="" WindowStamp="" xml_date="longdate" xml_decimalchar="." xml_dateseparator="-" xml_dateformat="ymd" user_decimalchar="." user_dateseparator="-" user_dateformat="dmy" MinAcceptableYear="1900" availWidth="" availHeight="" cultureid="" Classes=""/>
	</pagelets>


<data>


<UserPortsrecords TotalRecordsFetched="16" PageNumber="1" PageCount="1" PageSize="-1">
			<UserPorts OpenTime="2025-01-01T16:49:50.707+03:00" CreatedBy="rn.rajagopalan" UserId="ma.ali" selected="" StateId="UserPortsCreatedState" OwnerLocId="8998" RowNumber="1" IsMulti="" Dummy="" LocationId="7050808" UserPortId="321" IsDefault="0" OwnerOrgId="29588"/>
			<UserPorts OpenTime="2025-01-01T16:49:50.707+03:00" CreatedBy="ma.ali" UserId="ma.ali" selected="" StateId="UserPortsCreatedState" OwnerLocId="" RowNumber="2" IsMulti="" Dummy="" LocationId="8998" UserPortId="324" IsDefault="0" OwnerOrgId="29588"/>
			<UserPorts OpenTime="2025-01-01T16:49:50.707+03:00" CreatedBy="ma.ali" UserId="ma.ali" selected="" StateId="UserPortsCreatedState" OwnerLocId="" RowNumber="3" IsMulti="" Dummy="" LocationId="712358" UserPortId="325" IsDefault="0" OwnerOrgId="29588"/>
			<UserPorts OpenTime="2025-01-01T16:49:50.707+03:00" CreatedBy="ma.ali" UserId="ma.ali" selected="" StateId="UserPortsCreatedState" OwnerLocId="" RowNumber="4" IsMulti="" Dummy="" LocationId="712360" UserPortId="326" IsDefault="2" OwnerOrgId="29588"/>
			<UserPorts OpenTime="2025-01-01T16:49:50.707+03:00" CreatedBy="ma.ali" UserId="ma.ali" selected="" StateId="UserPortsCreatedState" OwnerLocId="" RowNumber="5" IsMulti="" Dummy="" LocationId="712351" UserPortId="542" IsDefault="0" OwnerOrgId="29588"/>
			<UserPorts OpenTime="2025-01-01T16:49:50.707+03:00" CreatedBy="ma.ali" UserId="ma.ali" selected="" StateId="UserPortsCreatedState" OwnerLocId="7050808" RowNumber="6" IsMulti="" Dummy="" LocationId="7050846" UserPortId="1650" IsDefault="0" OwnerOrgId="29588"/>
			<UserPorts OpenTime="2025-01-01T16:49:50.707+03:00" CreatedBy="ma.ali" UserId="ma.ali" selected="" StateId="UserPortsCreatedState" OwnerLocId="7050808" RowNumber="7" IsMulti="" Dummy="" LocationId="7050847" UserPortId="5078" IsDefault="0" OwnerOrgId="29588"/>
			<UserPorts OpenTime="2025-01-01T16:49:50.707+03:00" CreatedBy="ma.ali" UserId="ma.ali" selected="" StateId="UserPortsCreatedState" OwnerLocId="8998" RowNumber="8" IsMulti="" Dummy="" LocationId="7050811" UserPortId="5079" IsDefault="0" OwnerOrgId="29588"/>
			<UserPorts OpenTime="2025-01-01T16:49:50.707+03:00" CreatedBy="ma.ali" UserId="ma.ali" selected="" StateId="UserPortsCreatedState" OwnerLocId="8998" RowNumber="9" IsMulti="" Dummy="" LocationId="7050802" UserPortId="5080" IsDefault="0" OwnerOrgId="29588"/>
			<UserPorts OpenTime="2025-01-01T16:49:50.707+03:00" CreatedBy="rn.rajagopalan" UserId="ma.ali" selected="" StateId="UserPortsCreatedState" OwnerLocId="712360" RowNumber="10" IsMulti="" Dummy="" LocationId="7050996" UserPortId="29190" IsDefault="0" OwnerOrgId="29588"/>
			<UserPorts OpenTime="2025-01-01T16:49:50.707+03:00" CreatedBy="ma.ali" UserId="ma.ali" selected="" StateId="UserPortsCreatedState" OwnerLocId="8998" RowNumber="11" IsMulti="" Dummy="" LocationId="7051033" UserPortId="33802" IsDefault="0" OwnerOrgId="29588"/>
			<UserPorts OpenTime="2025-01-01T16:49:50.707+03:00" CreatedBy="ma.ali" UserId="ma.ali" selected="" StateId="UserPortsCreatedState" OwnerLocId="8998" RowNumber="12" IsMulti="" Dummy="" LocationId="7051000" UserPortId="34023" IsDefault="0" OwnerOrgId="29588"/>
			<UserPorts OpenTime="2025-01-01T16:49:50.707+03:00" CreatedBy="ma.ali" UserId="ma.ali" selected="" StateId="UserPortsCreatedState" OwnerLocId="8998" RowNumber="13" IsMulti="" Dummy="" LocationId="7051032" UserPortId="34024" IsDefault="0" OwnerOrgId="29588"/>
			<UserPorts OpenTime="2025-01-01T16:49:50.707+03:00" CreatedBy="ma.ali" UserId="ma.ali" selected="" StateId="UserPortsCreatedState" OwnerLocId="" RowNumber="14" IsMulti="" Dummy="" LocationId="7050807" UserPortId="34096" IsDefault="0" OwnerOrgId="29588"/>
			<UserPorts OpenTime="2025-01-01T16:49:50.707+03:00" CreatedBy="ma.ali" UserId="ma.ali" selected="" StateId="UserPortsCreatedState" OwnerLocId="712360" RowNumber="15" IsMulti="" Dummy="" LocationId="89981235" UserPortId="34097" IsDefault="0" OwnerOrgId="29588"/>
			<UserPorts OpenTime="2025-01-01T16:49:50.707+03:00" CreatedBy="ma.ali" UserId="ma.ali" selected="" StateId="UserPortsCreatedState" OwnerLocId="8998" RowNumber="16" IsMulti="" Dummy="" LocationId="89981302" UserPortId="64583" IsDefault="0" OwnerOrgId="29588"/>


<PortsForUsersrecords TotalRecordsFetched="16" PageNumber="1" PageCount="1" PageSize="-1" SortType="ASC" SortBy="[PortsForUsers].[Name]">
				<PortsForUsers PortSites="" OpenTime="2025-01-01T16:49:52.283+03:00" StdLocationTypeTypeId="33223958" CreatedBy="MicroClear" selected="" StateId="PortsModifiedState" OwnerLocId="" LocationId="8998" OwnerOrgId="29588" ShortLocationName="" LocationTypeTypeId="33223958" LocationTypeId="33223359" ParentId="5150" ExitPoint="0" UNCode="KW" Name="KUWAIT INTNL.AIRPORT" LocalDescription="مطار الكويت الدولي" LocationCode="KWI" Description="KUWAIT INTNL.AIRPORT" IsLocalPort="y"/>
				<PortsForUsers PortSites="" OpenTime="2025-01-01T16:49:52.283+03:00" StdLocationTypeTypeId="33223959" CreatedBy="MicroClear" selected="" StateId="PortsModifiedState" OwnerLocId="" LocationId="712351" OwnerOrgId="29588" ShortLocationName="" LocationTypeTypeId="33223959" LocationTypeId="33223359" ParentId="5150" ExitPoint="0" UNCode="KW" Name="KUWAIT FTZ" LocalDescription="المنطقة الحرة بالكويت" LocationCode="KFTZ" Description="KUWAIT FTZ" IsLocalPort="y"/>
				<PortsForUsers PortSites="" OpenTime="2025-01-01T16:49:52.283+03:00" StdLocationTypeTypeId="33223961" CreatedBy="MicroClear" selected="" StateId="PortsModifiedState" OwnerLocId="" LocationId="712358" OwnerOrgId="29588" ShortLocationName="" LocationTypeTypeId="33223961" LocationTypeId="33223359" ParentId="5150" ExitPoint="0" UNCode="KW" Name="SHUAIBA" LocalDescription="ميناء الشعيبة" LocationCode="KWSAA" Description="SHUAIBA" IsLocalPort="y"/>
				<PortsForUsers PortSites="" OpenTime="2025-01-01T16:49:52.283+03:00" StdLocationTypeTypeId="33223961" CreatedBy="MicroClear" selected="" StateId="PortsModifiedState" OwnerLocId="" LocationId="712360" OwnerOrgId="29588" ShortLocationName="" LocationTypeTypeId="33223961" LocationTypeId="33223359" ParentId="5150" ExitPoint="0" UNCode="KW" Name="SHUWAIKH" LocalDescription="ميناء الشويخ" LocationCode="KWSWK" Description="SHUWAIKH" IsLocalPort="y"/>
				<PortsForUsers PortSites="" OpenTime="2025-01-01T16:49:52.283+03:00" StdLocationTypeTypeId="33223960" CreatedBy="MicroClear" selected="" StateId="PortsModifiedState" OwnerLocId="8998" LocationId="7050802" OwnerOrgId="29588" ShortLocationName="" LocationTypeTypeId="33223960" LocationTypeId="33223359" ParentId="5150" ExitPoint="0" UNCode="" Name="VEGETABLE MARKET" LocalDescription="شبرة الخضار" LocationCode="KWVGM" Description="VEGETABLE MARKET" IsLocalPort="y"/>
				<PortsForUsers PortSites="" OpenTime="2025-01-01T16:49:52.283+03:00" StdLocationTypeTypeId="33223960" CreatedBy="MicroClear" selected="" StateId="PortsCreatedState" OwnerLocId="" LocationId="7050807" OwnerOrgId="29588" ShortLocationName="" LocationTypeTypeId="33223960" LocationTypeId="33223359" ParentId="5150" ExitPoint="y" UNCode="AB" Name="ABDELI" LocalDescription="العبدلي" LocationCode="KWABD" Description="ABDELI" IsLocalPort="y"/>
				<PortsForUsers PortSites="" OpenTime="2025-01-01T16:49:52.283+03:00" StdLocationTypeTypeId="33223960" CreatedBy="MicroClear" selected="" StateId="PortsModifiedState" OwnerLocId="8998" LocationId="7050808" OwnerOrgId="29588" ShortLocationName="" LocationTypeTypeId="33223960" LocationTypeId="33223359" ParentId="5150" ExitPoint="0" UNCode="" Name="SULAIBIYA" LocalDescription="الجمرك البري" LocationCode="KWSLB" Description="SULAIBIYA" IsLocalPort="y"/>
				<PortsForUsers PortSites="" OpenTime="2025-01-01T16:49:52.283+03:00" StdLocationTypeTypeId="33223961" CreatedBy="MicroClear" selected="" StateId="PortsModifiedState" OwnerLocId="8998" LocationId="7050811" OwnerOrgId="29588" ShortLocationName="" LocationTypeTypeId="33223961" LocationTypeId="33223359" ParentId="5150" ExitPoint="0" UNCode="" Name="DOHA" LocalDescription="ميناء الدوحة" LocationCode="KWDOH" Description="DOHA" IsLocalPort="y"/>
				<PortsForUsers PortSites="" OpenTime="2025-01-01T16:49:52.283+03:00" StdLocationTypeTypeId="33223960" CreatedBy="mn.ramu" selected="" StateId="PortsModifiedState" OwnerLocId="7050808" LocationId="7050846" OwnerOrgId="29588" ShortLocationName="" LocationTypeTypeId="33223960" LocationTypeId="33223359" ParentId="5150" ExitPoint="y" UNCode="KW" Name="SALMI (KUWAIT)" LocalDescription="السالمى" LocationCode="KWSAL" Description="SALMI (KUWAIT)" IsLocalPort="y"/>
				<PortsForUsers PortSites="" OpenTime="2025-01-01T16:49:52.283+03:00" StdLocationTypeTypeId="33223960" CreatedBy="mn.ramu" selected="" StateId="PortsModifiedState" OwnerLocId="7050808" LocationId="7050847" OwnerOrgId="29588" ShortLocationName="" LocationTypeTypeId="33223960" LocationTypeId="33223359" ParentId="5150" ExitPoint="y" UNCode="KW" Name="NUWAISEEB(KUWAIT)" LocalDescription="النويصيب" LocationCode="KWNUW" Description="NUWAISEEB(KUWAIT)" IsLocalPort="y"/>
				<PortsForUsers PortSites="" OpenTime="2025-01-01T16:49:52.283+03:00" StdLocationTypeTypeId="33228746" CreatedBy="kr.anthoni" selected="" StateId="PortsCreatedState" OwnerLocId="712360" LocationId="7050996" OwnerOrgId="29588" ShortLocationName="" LocationTypeTypeId="33223958" LocationTypeId="33223359" ParentId="5150" ExitPoint="0" UNCode="" Name="KAIFAN" LocalDescription="كيفان" LocationCode="KFN" Description="KAIFAN" IsLocalPort="y"/>
				<PortsForUsers PortSites="" OpenTime="2025-01-01T16:49:52.283+03:00" StdLocationTypeTypeId="332293692" CreatedBy="kr.anthoni" selected="" StateId="PortsModifiedState" OwnerLocId="8998" LocationId="7051000" OwnerOrgId="29588" ShortLocationName="" LocationTypeTypeId="33223958" LocationTypeId="33223359" ParentId="5150" ExitPoint="0" UNCode="" Name="CUSTOMS BWH - AIR" LocalDescription="المستودعات الجمركية العامة- جوي" LocationCode="KWBWH" Description="CUSTOMS BONDED WAREHOUSE - AIR" IsLocalPort="y"/>
				<PortsForUsers PortSites="" OpenTime="2025-01-01T16:49:52.283+03:00" StdLocationTypeTypeId="332293694" CreatedBy="md.rafik" selected="" StateId="PortsModifiedState" OwnerLocId="8998" LocationId="7051032" OwnerOrgId="29588" ShortLocationName="" LocationTypeTypeId="33223961" LocationTypeId="33223359" ParentId="5150" ExitPoint="0" UNCode="" Name="CUSTOMS BWH - SEA" LocalDescription="المستودعات الجمركية العامة- بحري" LocationCode="KWBWS" Description="CUSTOMS BONDED WAREHOUSE - SEA" IsLocalPort="y"/>
				<PortsForUsers PortSites="" OpenTime="2025-01-01T16:49:52.283+03:00" StdLocationTypeTypeId="332293693" CreatedBy="md.rafik" selected="" StateId="PortsCreatedState" OwnerLocId="8998" LocationId="7051033" OwnerOrgId="29588" ShortLocationName="" LocationTypeTypeId="33223960" LocationTypeId="33223359" ParentId="5150" ExitPoint="0" UNCode="" Name="CUSTOMS BWH - LAND" LocalDescription="المستودعات الجمركية العامة- بري" LocationCode="KWBWL" Description="CUSTOMS BWH - LAND" IsLocalPort="y"/>
				<PortsForUsers PortSites="" OpenTime="2025-01-01T16:49:52.283+03:00" StdLocationTypeTypeId="33228746" CreatedBy="Microclear" selected="" StateId="PortsCreatedState" OwnerLocId="712360" LocationId="89981235" OwnerOrgId="29588" ShortLocationName="" LocationTypeTypeId="33223958" LocationTypeId="33223359" ParentId="5150" ExitPoint="0" UNCode="" Name="HITEEN" LocalDescription="حطين" LocationCode="HTN" Description="HITEEN" IsLocalPort="y"/>
				<PortsForUsers PortSites="" OpenTime="2025-01-01T16:49:52.283+03:00" StdLocationTypeTypeId="332293694" CreatedBy="microclear" selected="" StateId="PortsCreatedState" OwnerLocId="8998" LocationId="89981302" OwnerOrgId="29588" ShortLocationName="" LocationTypeTypeId="33223961" LocationTypeId="33223359" ParentId="5150" ExitPoint="0" UNCode="KW" Name="Customs BWH - Doha" LocalDescription="المستودعات الجمركية العامة – الدوحة" LocationCode="KWBWD" Description="Customs BWH - Doha" IsLocalPort="y"/>
			</PortsForUsersrecords>
		</UserPortsrecords>
	</data>
	<domaindata/>


<Languages>
		<Language id="ara" Direction="rtl" Name="Arabic"/>
		<Language id="eng" Direction="ltr" Name="English"/>
	</Languages>
</servicedocument>