﻿<servicedocument>
	<actionservice>
		<actioncontrol userid="ad.alenzi" password="" authenticated="1" pageid="CityLookUpList" profileid="City" actionid="OpenLocationTypes" actioncriteria="[City].[CountryNumber] = '45'" actiontype="X" actioncallfilter="" smartclient="" nextactionid="" nextactioncriteria="" continue="" listpage="" roleid="" listpagesizes="" previousprofileid="" twofactorauthcode="" previouspageid="" previousactionid="" previousactioncriteria="" actionpageid="VehAuthFormsFrPg" templateid="" passwordreset="" passwordlastresetdate="" passworddaystoexpire="" searchpageid="" searchactionid="" searchactioncriteria="" searchpagenumber="" searchnode="" searchsorttype="" searchsortby=""/>
		<exception code="" message="" context_value="" type="" sourcecode="" stack=""/>
	</actionservice>
	<PerformanceAnalysis>
		<stage id="submit" startedat="" completedat="9:7:6:375" period=""/>
		<stage id="processing" startedat="9:7:6:376" completedat="9:7:15:423" period="0:9:47"/>
		<stage id="transformation" startedat="" completedat="" period=""/>
		<stage id="loading" startedat="0" completedat="9:4:56:929" period="1733724296929"/>
	</PerformanceAnalysis>
	<user RowNumber="1" OwnerLocId="8998" LogInPortName="SALMI (KUWAIT)" LogInPortId="7050846" DepartmentId="244" UserType="c" StateId="PeopleCreatedState" selected="" OrganizationId="29590" UserId="ad.alenzi" LanguageId="eng" LastLogOnTime="2024-12-09T08:40:48+03:00" Password="" LogInPortNameAra="السالمى" CreatedBy="Mousa.Mohsen" Direction="ltr" PersonalId="321273" OrganizationType="Customs" CultureId="ara" FileNo="14440" FirstName="FirstName 321273" Roles="" message="" AccountStatus="y" StdLocationTypeTypeId="33223960" PortSites="7050922" IsFirstLogin="0" UserCustDepartmentId="396" MenuType="vm" AllowMenuAccess="1" OpenTime="2024-12-09T08:57:43.923+03:00" UnitId="" SectionId="" ThemeId="" Groups="" Token="" TimeZone="" TwoFactorAuth="" RestrictAccess="" IsEmailVerified="0" MenuOrder="" MenuFavourites="" AllowedBrowsers="" IsMobileVerified="0" LatestUpdates="y" PWDPolicyEnable="Y" PWDPolicyEnabledDate="">
		<AllowedMenuActions/>
		<AllowedPageActions/>
	</user>
	<menus/>
	<pagelets>
		<xpagelet id="CityLookUpList" Classes="" type="" cultureid="" LanguageId="eng" dir="ltr" availHeight="" availWidth="" MinAcceptableYear="1900" user_dateformat="dmy" user_dateseparator="-" user_decimalchar="." xml_dateformat="ymd" xml_dateseparator="-" xml_decimalchar="." xml_date="longdate" WindowStamp="win1733724203942" BaseFormName="VehAuthFormsFr" BaseFormCtrlIndex="0"/>
	</pagelets>
	<data>
		<Cityrecords PageSize="20" PageCount="1" PageNumber="1" TotalRecordsFetched="2">
			<City RowNumber="1" OwnerOrgId="29588" OwnerLocId="7050808" Name="Kuwait" LocationId="7053824" Description="45" CountryNumber="45" LocationCode="45" IsLocal="0" selected="" LocalDescription="45" CreatedBy="Abdullah.Awed" ParentId="5150" LocationTypeId="1002" StateId="PlaceCreatedState" OpenTime="2024-12-09T09:07:34.803+03:00" GetMCReceivedLocations="" UNCode="" Modify="yes"/>
			<City RowNumber="2" OwnerOrgId="29588" OwnerLocId="7050808" Name="Istanbul" LocationId="7054127" Description="45" CountryNumber="45" LocationCode="45" IsLocal="0" selected="" LocalDescription="45" CreatedBy="Abdullah.Awed" ParentId="5270" LocationTypeId="1002" StateId="PlaceCreatedState" OpenTime="2024-12-09T09:07:34.803+03:00" GetMCReceivedLocations="" UNCode=""/>
			<Countriesrecords PageSize="20" PageCount="-1" PageNumber="1" TotalRecordsFetched="2">
				<Countries OwnerOrgId="29588" StateId="CountryModifiedState" Name="Kuwait" CreatedBy="MicroClear" LocationId="5150" UNCode="KW" LocationCode="KW" selected="" Description="Kuwait" LocalDescription="الكويت" CountryCode="115" IsLocal="y" CountryNumber="1" LocationTypeId="1001" OpenTime="2024-12-09T09:07:36.313+03:00" City="" Ports="" OwnerLocId=""/>
				<Countries OwnerOrgId="29588" StateId="CountryModifiedState" Name="Turkey" CreatedBy="MicroClear" LocationId="5270" UNCode="TR" LocationCode="TR" selected="" Description="Turkey" LocalDescription="تركيا" CountryCode="138" IsLocal="0" CountryNumber="9" LocationTypeId="1001" OpenTime="2024-12-09T09:07:36.313+03:00" City="" Ports="" OwnerLocId=""/>
			</Countriesrecords>
			<WorkflowItemStatesForListrecords PageSize="20" PageCount="-1" PageNumber="1" TotalRecordsFetched="1">
				<WorkflowItemStatesForList StateName="Created" StateId="PlaceCreatedState" CreatedBy="gh.mani" selected="" OpenTime="2024-12-09T09:07:38.5+03:00" OwnerLocId="" OwnerOrgId=""/>
			</WorkflowItemStatesForListrecords>
		</Cityrecords>
	</data>
	<domaindata/>
	<Languages>
		<Language id="ara" Name="Arabic" Direction="rtl"/>
		<Language id="eng" Name="English" Direction="ltr"/>
	</Languages>
	<Insts LastSDOptions="0" SDStamp="(4c45cbab-8c4a-48df-a40e-888ac6bed854)" IgnoreCache="0"/>
</servicedocument>