<?xml version="1.0"?>

<servicedocument>


<PerformanceAnalysis>
		<stage period="" completedat="18:1:56:33" startedat="" id="submit"/>
		<stage period="0:17:36" completedat="18:2:13:69" startedat="18:1:56:33" id="processing"/>
		<stage period="" completedat="" startedat="" id="transformation"/>
		<stage period="1735657344937" completedat="18:2:24:937" startedat="0" id="loading"/>
	</PerformanceAnalysis>


<actionservice>
		<actioncontrol searchsortby="" searchsorttype="" searchnode="" searchpagenumber="" searchactionid="" searchactioncriteria="" searchpageid="" twofactorauthcode="" smartclient="" actioncallfilter="" passworddaystoexpire="" passwordlastresetdate="" passwordreset="" actionpageid="VehAuthFormsLsPg" previousprofileid="" previousactioncriteria="" previousactionid="" previouspageid="" listpage="" listpagesizes="" continue="" nextactioncriteria="" nextactionid="ListVehicleAuthorizationForm" actioncriteria="" actiontype="X" actionid="DeleteVehicleAuthorizationForm" templateid="" profileid="" pageid="VehAuthFormsLsPg" roleid="" authenticated="1" password="" userid="ad.alenzi" fingerprinttoken=""/>


<exception stack="" sourcecode="" context_value="" message="" type="" code="">
			<details/>
			<actorexceptions/>
		</exception>
	</actionservice>


<user message="" PWDPolicyEnabledDate="" PWDPolicyEnable="Y" LatestUpdates="y" IsMobileVerified="0" AllowedBrowsers="" MenuFavourites="" MenuOrder="" IsEmailVerified="0" RestrictAccess="" TwoFactorAuth="" TimeZone="" Token="" Groups="" ThemeId="" SectionId="" UnitId="" OpenTime="2024-12-31T17:38:14.13+03:00" AllowMenuAccess="1" MenuType="vm" UserCustDepartmentId="396" IsFirstLogin="0" PortSites="7050922" StdLocationTypeTypeId="33223960" AccountStatus="y" Roles="" FirstName="FirstName 321273" FileNo="14440" CultureId="ara" OrganizationType="Customs" PersonalId="321273" Direction="ltr" CreatedBy="Mousa.Mohsen" LogInPortNameAra="السالمى" Password="" LastLogOnTime="2024-12-31T17:29:01+03:00" LanguageId="eng" UserId="ad.alenzi" OrganizationId="29590" selected="" StateId="PeopleCreatedState" UserType="c" DepartmentId="244" LogInPortId="7050846" LogInPortName="SALMI (KUWAIT)" OwnerLocId="8998" RowNumber="1">
		<AllowedMenuActions/>
		<AllowedPageActions/>
	</user>


<pagelets>
		<xpagelet dir="ltr" id="VehAuthFormsLsPg" type="" LanguageId="eng" BaseFormCtrlIndex="" BaseFormName="LatestUpdatesVwPg" WindowStamp="" xml_date="longdate" xml_decimalchar="." xml_dateseparator="-" xml_dateformat="ymd" user_decimalchar="." user_dateseparator="-" user_dateformat="dmy" MinAcceptableYear="1900" availWidth="1129" availHeight="554" cultureid="" Classes="Form[@id='HomePage']"/>
	</pagelets>


<data>


<VehAuthFormsrecords SortType="Desc" SortBy="[VehAuthForms].[VehAuthFormId]" TotalRecordsFetched="1" PageNumber="1" PageCount="1" PageSize="15">


<VehAuthForms OpenTime="2024-12-31T18:02:58.35+03:00" CreatedBy="ad.alenzi" selected="1" StateId="VehAuthFrmCreatedState" OwnerLocId="7050846" RowNumber="1" MCVAReceipts="" MCPaymentsVA="" MCGCSOnlinePayments="" MCOnlinePayments="" ReceiptDate="" KNetReceiptNo="" PaymentMethod="" RejectRemarks="" DateOfId="" TravelUpto="" Model="" IssuingAuthority="" IdTypeDetails="" TicketNumber="" VehAuthFormId="310894" VehCreatedDate="2024-12-31T17:47:06+03:00" ModeOfCreation="Manual" OwnerIdType="33223711" VehicleTypeId="33224049" IdTypeId="33223711" LocationId="7054127" PlateNo="14525" OwnerOrgId="29590" ChasisNo="41555" IdNumber="282020136523" Color="white" TravelTimes="s" VehicleMake="rama" VehAuthFormNo="VAN/3812/SAL24" DriverName="rama" OwnerIdNo="282020148536" OwnerName="rama khasawneh" EngineNo="4525" VehAuthFormDate="2024-12-31T00:00:00+03:00" AuthorizationType="A" VehicleAuthorizationFormIdDesc="310894">
				<MCOnlinePaymentsrecords TotalRecordsFetched="0" PageNumber="1" PageCount="1" PageSize="-1"/>
				<MCGCSOnlinePaymentsrecords TotalRecordsFetched="0" PageNumber="1" PageCount="1" PageSize="-1"/>
				<MCPaymentsVArecords TotalRecordsFetched="0" PageNumber="1" PageCount="1" PageSize="-1"/>
				<MCVAReceiptsrecords TotalRecordsFetched="0" PageNumber="1" PageCount="1" PageSize="-1"/>
			</VehAuthForms>


<WorkflowItemStatesrecords TotalRecordsFetched="1" PageNumber="1" PageCount="-1" PageSize="20">
				<WorkflowItemStates OpenTime="2024-12-31T18:03:00.303+03:00" CreatedBy="" selected="" StateId="VehAuthFrmCreatedState" OwnerLocId="" OwnerOrgId="" StateName="Created"/>
			</WorkflowItemStatesrecords>
		</VehAuthFormsrecords>
	</data>


<domaindata>


<select id="WorkflowItemStates">
			<option OpenTime="2024-12-31T18:03:10.367+03:00" CreatedBy="" StateId="VehAuthFormsApprovedState" OwnerLocId="" RowNumber="1" OwnerOrgId="" StateName="Approval for Issuance" WorkflowItemStates_Id="" StateForView="" StateDescription="VehAuthFormsApprovedState" DataProfileClassWorkflowStateId="3813" DataProfileClassId="VehAuthForms"/>
			<option OpenTime="2024-12-31T18:03:10.367+03:00" CreatedBy="" StateId="VehAuthFormsCancelledState" OwnerLocId="" RowNumber="2" OwnerOrgId="" StateName="Cancel and Hold" WorkflowItemStates_Id="" StateForView="" StateDescription="VehAuthFormsCancelledState" DataProfileClassWorkflowStateId="3815" DataProfileClassId="VehAuthForms"/>
			<option OpenTime="2024-12-31T18:03:10.367+03:00" CreatedBy="" StateId="VehAuthFrmCreatedState" OwnerLocId="" RowNumber="3" OwnerOrgId="" StateName="Created" WorkflowItemStates_Id="" StateForView="" StateDescription="Vehicle Authorization Form Created State" DataProfileClassWorkflowStateId="1168" DataProfileClassId="VehAuthForms"/>
			<option OpenTime="2024-12-31T18:03:10.367+03:00" CreatedBy="" StateId="VehAuthFrmModifiedState" OwnerLocId="" RowNumber="4" OwnerOrgId="" StateName="Modified" WorkflowItemStates_Id="" StateForView="" StateDescription="Vehicle Authorization Form Modified State" DataProfileClassWorkflowStateId="2102" DataProfileClassId="VehAuthForms"/>
			<option OpenTime="2024-12-31T18:03:10.367+03:00" CreatedBy="" StateId="VehAuthFrmSubmittedState" OwnerLocId="" RowNumber="5" OwnerOrgId="" StateName="Submitted" WorkflowItemStates_Id="" StateForView="" StateDescription="Vehicle Authorization Form Submitted State" DataProfileClassWorkflowStateId="2080" DataProfileClassId="VehAuthForms"/>
		</select>
	</domaindata>


<Languages>
		<Language id="ara" Direction="rtl" Name="Arabic"/>
		<Language id="eng" Direction="ltr" Name="English"/>
	</Languages>
	<Insts IgnoreCache="0" SDStamp="(7e3dddb3-5d0d-486c-a445-aad749e919f1)" LastSDOptions="0"/>
</servicedocument>