﻿<?xml version="1.0"?>

<servicedocument>


<PerformanceAnalysis>

<stage period="" completedat="13:25:49:400" startedat="" id="submit"/>

<stage period="0:14:695" completedat="13:26:4:95" startedat="13:25:49:400" id="processing"/>

<stage period="" completedat="" startedat="" id="transformation"/>

<stage period="1733826378559" completedat="13:26:18:559" startedat="0" id="loading"/>

</PerformanceAnalysis>


<actionservice>

<actioncontrol searchsortby="" searchsorttype="" searchnode="" searchpagenumber="" searchactionid="" searchactioncriteria="" searchpageid="" twofactorauthcode="" smartclient="" actioncallfilter="" passworddaystoexpire="" passwordlastresetdate="" passwordreset="" actionpageid="VehAuthFormsLsPg" previousprofileid="" previousactioncriteria="" previousactionid="" previouspageid="" listpage="" listpagesizes="" continue="" nextactioncriteria="" nextactionid="" actioncriteria="" actiontype="X" actionid="ListVehicleAuthorizationForm" templateid="" profileid="" pageid="VehAuthFormsLsPg" roleid="" authenticated="1" password="" userid="ad.alenzi" fingerprinttoken=""/>


<exception stack="" sourcecode="" context_value="" message="" type="" code="">

<details/>

<actorexceptions/>

</exception>

</actionservice>


<user message="" PWDPolicyEnabledDate="" PWDPolicyEnable="Y" LatestUpdates="y" IsMobileVerified="0" AllowedBrowsers="" MenuFavourites="" MenuOrder="" IsEmailVerified="0" RestrictAccess="" TwoFactorAuth="" TimeZone="" Token="" Groups="" ThemeId="" SectionId="" UnitId="" OpenTime="2024-12-10T13:21:51.963+03:00" AllowMenuAccess="1" MenuType="vm" UserCustDepartmentId="396" IsFirstLogin="0" PortSites="7050922" StdLocationTypeTypeId="33223960" AccountStatus="y" Roles="" FirstName="FirstName 321273" FileNo="14440" CultureId="ara" OrganizationType="Customs" PersonalId="321273" Direction="ltr" CreatedBy="Mousa.Mohsen" LogInPortNameAra="السالمى" Password="" LastLogOnTime="2024-12-10T11:43:31+03:00" LanguageId="eng" UserId="ad.alenzi" OrganizationId="29590" selected="" StateId="PeopleCreatedState" UserType="c" DepartmentId="244" LogInPortId="7050846" LogInPortName="SALMI (KUWAIT)" OwnerLocId="8998" RowNumber="1">

<AllowedMenuActions/>

<AllowedPageActions/>

</user>


<pagelets>

<xpagelet dir="ltr" id="VehAuthFormsLsPg" type="" LanguageId="eng" BaseFormCtrlIndex="" BaseFormName="LatestUpdatesVwPg" WindowStamp="" xml_date="longdate" xml_decimalchar="." xml_dateseparator="-" xml_dateformat="ymd" user_decimalchar="." user_dateseparator="-" user_dateformat="dmy" MinAcceptableYear="1900" availWidth="1600" availHeight="785" cultureid="" Classes="Form[@id='HomePage']"/>

</pagelets>

<data X=""/>


<domaindata>


<select id="WorkflowItemStates">

<option OpenTime="2024-12-10T13:26:29.947+03:00" CreatedBy="" StateId="VehAuthFormsApprovedState" OwnerLocId="" RowNumber="1" WorkflowItemStates_Id="" StateForView="" OwnerOrgId="" StateDescription="VehAuthFormsApprovedState" DataProfileClassWorkflowStateId="3813" DataProfileClassId="VehAuthForms" StateName="Approval for Issuance"/>

<option OpenTime="2024-12-10T13:26:29.947+03:00" CreatedBy="" StateId="VehAuthFormsCancelledState" OwnerLocId="" RowNumber="2" WorkflowItemStates_Id="" StateForView="" OwnerOrgId="" StateDescription="VehAuthFormsCancelledState" DataProfileClassWorkflowStateId="3815" DataProfileClassId="VehAuthForms" StateName="Cancel and Hold"/>

<option OpenTime="2024-12-10T13:26:29.947+03:00" CreatedBy="" StateId="VehAuthFrmCreatedState" OwnerLocId="" RowNumber="3" WorkflowItemStates_Id="" StateForView="" OwnerOrgId="" StateDescription="Vehicle Authorization Form Created State" DataProfileClassWorkflowStateId="1168" DataProfileClassId="VehAuthForms" StateName="Created"/>

<option OpenTime="2024-12-10T13:26:29.947+03:00" CreatedBy="" StateId="VehAuthFrmModifiedState" OwnerLocId="" RowNumber="4" WorkflowItemStates_Id="" StateForView="" OwnerOrgId="" StateDescription="Vehicle Authorization Form Modified State" DataProfileClassWorkflowStateId="2102" DataProfileClassId="VehAuthForms" StateName="Modified"/>

<option OpenTime="2024-12-10T13:26:29.947+03:00" CreatedBy="" StateId="VehAuthFrmSubmittedState" OwnerLocId="" RowNumber="5" WorkflowItemStates_Id="" StateForView="" OwnerOrgId="" StateDescription="Vehicle Authorization Form Submitted State" DataProfileClassWorkflowStateId="2080" DataProfileClassId="VehAuthForms" StateName="Submitted"/>

</select>

</domaindata>


<Languages>

<Language id="ara" Direction="rtl" Name="Arabic"/>

<Language id="eng" Direction="ltr" Name="English"/>

</Languages>

<Insts IgnoreCache="0" SDStamp="(05e03087-b407-4fb4-aeac-db01aa2416bb)" LastSDOptions="0"/>

</servicedocument>