<servicedocument>
	<PerformanceAnalysis>
		<stage id="submit" startedat="" completedat="12:28:12:944" period=""/>
		<stage id="processing" startedat="12:28:12:944" completedat="12:28:13:147" period="0:0:203"/>
		<stage id="transformation" startedat="" completedat="" period=""/>
		<stage id="loading" startedat="0" completedat="12:27:17:442" period="1734514037442"/>
	</PerformanceAnalysis>
	<actionservice>
		<actioncontrol fingerprinttoken="" userid="ad.alenzi" password="" authenticated="1" roleid="" pageid="VehAuthFormsVwPg" profileid="" templateid="" actionid="ViewVehicleAuthorizationForm" actiontype="X" actioncriteria="[VehAuthForms].[VehAuthFormId]=N'316710'" nextactionid="" nextactioncriteria="" continue="" listpagesizes="" listpage="" previouspageid="" previousactionid="" previousactioncriteria="" previousprofileid="" actionpageid="VehAuthFormsVwPg" passwordreset="" passwordlastresetdate="" passworddaystoexpire="" actioncallfilter="" smartclient="" twofactorauthcode="" searchpageid="" searchactioncriteria="" searchactionid="" searchpagenumber="" searchnode="" searchsorttype="" searchsortby=""/>
		<exception code="" type="" message="" context_value="" sourcecode="" stack="">
			<details/>
			<actorexceptions/>
		</exception>
	</actionservice>
	<user RowNumber="1" OwnerLocId="8998" LogInPortName="SALMI (KUWAIT)" LogInPortId="7050846" DepartmentId="244" UserType="c" StateId="PeopleCreatedState" selected="" OrganizationId="29590" UserId="ad.alenzi" LanguageId="eng" LastLogOnTime="2024-12-18T11:16:36+03:00" Password="" LogInPortNameAra="السالمى" CreatedBy="Mousa.Mohsen" Direction="ltr" PersonalId="321273" OrganizationType="Customs" CultureId="ara" FileNo="14440" FirstName="Ahmed" Roles="" message="" AccountStatus="y" StdLocationTypeTypeId="33223960" PortSites="7050922" IsFirstLogin="0" UserCustDepartmentId="396" MenuType="vm" AllowMenuAccess="1" OpenTime="2024-12-18T12:22:58.887+03:00" UnitId="" SectionId="" ThemeId="" Groups="" Token="" TimeZone="" TwoFactorAuth="" RestrictAccess="" IsEmailVerified="0" MenuOrder="" MenuFavourites="" AllowedBrowsers="" Activities="" IsMobileVerified="0" LatestUpdates="y" PWDPolicyEnable="Y" PWDPolicyEnabledDate="">
		<AllowedMenuActions>
			<action id="ListBrReceipts" type="select"/>
			<action id="ListHouseBills" type="select"/>
			<action id="ListMenuAdditionalDocRequest" type="select"/>
			<action id="ListDepositTracking" type="select"/>
			<action id="ListMechanicalCertificates" type="select"/>
			<action id="ListDeliveryOrderForDeclaration" type="select"/>
			<action id="ListMenuUTFRequest" type="select"/>
			<action id="ListReExportRequest" type="select"/>
			<action id="ListHeading" type="select"/>
			<action id="ListHeading" type="select"/>
			<action id="ListPVValuationRequests" type="select"/>
			<action id="ListPVInformationRequests" type="select"/>
			<action id="ListLabTestRequests" type="select"/>
			<action id="ListPromissoryNotes" type="select"/>
			<action id="ListLatestUpdatesToAll" type="select"/>
			<action id="ListSection" type="select"/>
			<action id="ListSection" type="select"/>
			<action id="ListSubHeadings" type="select"/>
			<action id="ListSubHeadings" type="select"/>
			<action id="ListChapter" type="select"/>
			<action id="ListChapter" type="select"/>
			<action id="ListEServiceRequests" type="select"/>
			<action id="ListBrokerExamResult" type="select"/>
			<action id="ListMenuDocAuthRequest" type="select"/>
			<action id="ListMenuOrganizations" type="select"/>
			<action id="ListOrganizations" type="select"/>
			<action id="ListOrganizations" type="select"/>
			<action id="ListOrganizations" type="select"/>
			<action id="ListIDDDetails" type="select"/>
			<action id="ListADCConfiscation" type="select"/>
			<action id="ListInbox" type="select"/>
			<action id="ListReleaseInRequests" type="select"/>
			<action id="ViewLocationType" type="select"/>
			<action id="ListCustomsControlProcedures" type="select"/>
			<action id="ListImporterPaymentRequests" type="select"/>
			<action id="ListMenuVehAuthFrm" type="select"/>
			<action id="ListScanDocumentRequest" type="select"/>
			<action id="ListExemptionRequest" type="select"/>
			<action id="ListMenuDigitalDocumentRequest" type="select"/>
			<action id="ListDocumentSubmissionRequest" type="select"/>
			<action id="ListBayanFileRequest" type="select"/>
			<action id="ListUserActivityRequest" type="select"/>
			<action id="ListADCDeclaration" type="select"/>
			<action id="ListMenuCWHUnloadingRequest" type="select"/>
			<action id="ListGoodsDetection" type="select"/>
			<action id="ListReports" type="select"/>
			<action id="ListReports" type="select"/>
			<action id="ListDeclarationReports" type="select"/>
			<action id="ListInterpolHBIVehicles" type="select"/>
			<action id="ListMenuDigDocsReqReplica" type="select"/>
			<action id="ListBusinessActivityRequest" type="select"/>
			<action id="ListPVDoubtRequests" type="select"/>
			<action id="ListPVDoubtRequests" type="select"/>
			<action id="ListItem" type="select"/>
			<action id="ListItem" type="select"/>
			<action id="ListMechanicalCertificatesReExp" type="select"/>
			<action id="ListCommercialInvoices" type="select"/>
			<action id="ListMenuUsers" type="select"/>
			<action id="ListLegalAffairsVisitRequest" type="select"/>
		</AllowedMenuActions>
		<AllowedPageActions/>
	</user>
	<pagelets>
		<xpagelet id="VehAuthFormsVwPg" Classes="Form[@id='HomePage']" type="" cultureid="" LanguageId="eng" dir="ltr" availHeight="" availWidth="" MinAcceptableYear="1900" user_dateformat="dmy" user_dateseparator="-" user_decimalchar="." xml_dateformat="ymd" xml_dateseparator="-" xml_decimalchar="." xml_date="longdate" WindowStamp="" BaseFormName="LatestUpdatesVwPg" BaseFormCtrlIndex=""/>
	</pagelets>
	<data>
		<VehAuthFormsrecords PageSize="1" PageCount="1" PageNumber="1" TotalRecordsFetched="1">
			<VehAuthForms RowNumber="1" AuthorizationType="A" VehAuthFormDate="2024-11-25T00:00:00+03:00" EngineNo="32111" OwnerName="موهان كومار سينجانالور كاليبان" OwnerIdNo="283071408743" DriverName="محمد احمد على حسن" VehAuthFormNo="VAN/5147/SAL24" Model="2017" VehicleMake="مرسيدس" TravelTimes="s" Color="اصفر" IdNumber="283050402916" TravelUpto="2024-12-31T00:00:00+03:00" selected="" ChasisNo="91717" OwnerOrgId="29588" CreatedBy="System" DateOfId="2026-05-21T00:00:00+03:00" PlateNo="9/29217" LocationId="7053854" IdTypeId="33223719" VehicleTypeId="33224105" StateId="VehAuthFormsApprovedState" OwnerLocId="7050846" OwnerIdType="33223719" ModeOfCreation="eServices" KNetReceiptNo="VASC/5276/24" VehCreatedDate="2024-10-24T10:16:03.843+03:00" OpenTime="2024-12-18T12:27:52.653+03:00" VehAuthFormId="316710" TicketNumber="" IdTypeDetails="" IssuingAuthority="" RejectRemarks="" PaymentMethod="" ReceiptDate="" MCOnlinePayments="" MCGCSOnlinePayments="" MCPaymentsVA="" MCVAReceipts="">
				<MCPaymentsVArecords PageSize="-1" PageCount="1" PageNumber="1" TotalRecordsFetched="1">
					<MCPaymentsVA RowNumber="1" AccountId="1272" Amount="1.000" CreatedBy="" MCPaymentId="7730212" OwnerLocId="0" OwnerOrgId="0" PaidBy="33223669" PaidByType="G" PaidFor="332295622" PaymentMethod="332294040" PaymentTypeId="332294044" ReceiptDate="2024-10-24T00:00:00+03:00" ReceiptNumber="VASC/5276/24" ReferenceType="VAStampsCollection" selected="" StateId="MCPaymentPaidState" TokenId="8720676924069793142" TransactionDate="2024-10-24T10:16:13.907+03:00" OpenTime="2024-12-18T12:27:52.717+03:00" ReferenceId="316710" BankBranch="" BankId="" ChequeNumber="" DrawerAccountNumber="" SubmissionSequence=""/>
					<MCPaymentVAStatusrecords PageSize="-1" PageCount="1" PageNumber="1" TotalRecordsFetched="1">
						<MCPaymentVAStatus StateName="Paid" StateId="MCPaymentPaidState" selected="" OpenTime="2024-12-18T12:27:52.73+03:00" OwnerLocId="" CreatedBy="" OwnerOrgId=""/>
					</MCPaymentVAStatusrecords>
					<MCVAPaymentForrecords PageSize="-1" PageCount="1" PageNumber="1" TotalRecordsFetched="1">
						<MCVAPaymentFor TypeId="332295622" Name="Stamps Collection" Description="Stamps Collection" LocalDescription="ايرادات الطوابع" StateId="PaymentForCreatedState" CreatedBy="System" OwnerLocId="7050808" selected="" OpenTime="2024-12-18T12:27:52.73+03:00" OwnerOrgId=""/>
					</MCVAPaymentForrecords>
					<PaidByVATyperecords PageSize="-1" PageCount="1" PageNumber="1" TotalRecordsFetched="1">
						<PaidByVAType TypeId="33223669" Name="Consignee" Description="Consignee" LocalDescription="المستفيد" StateId="PaidByTypeCreatedState" OwnerOrgId="29588" CreatedBy="MicroClear" selected="" OpenTime="2024-12-18T12:27:52.747+03:00" OwnerLocId=""/>
					</PaidByVATyperecords>
					<MCVAPaymentsrecords PageSize="-1" PageCount="1" PageNumber="1" TotalRecordsFetched="1">
						<MCVAPayments TypeId="332294040" Name="e-Payment (KNet)" Description="e-Payment (KNet)" LocalDescription="بوابة الدفع الإلكتروني" StateId="PaymentTypesCreatedState" OwnerOrgId="29588" CreatedBy="gh.mani" OwnerLocId="8998" selected="" OpenTime="2024-12-18T12:27:52.747+03:00"/>
					</MCVAPaymentsrecords>
					<MCBankPaymentsrecords PageSize="-1" PageCount="1" PageNumber="1" TotalRecordsFetched="1">
						<MCBankPayments TypeId="332294044" Name="KNet Payment Gateway" Description="KNet Payment Gateway" LocalDescription="بوابة الدفع- كي - نت" StateId="PaymentMethodCreatedState" OwnerOrgId="29588" CreatedBy="MicroClear" OwnerLocId="8998" selected="" OpenTime="2024-12-18T12:27:52.763+03:00"/>
					</MCBankPaymentsrecords>
					<MCVAAccountsrecords PageSize="-1" PageCount="1" PageNumber="1" TotalRecordsFetched="1">
						<MCVAAccounts AccountId="1272" TypeId="44424" AccountNumber="GEN/ACC/KNET" StateId="AccountsCreatedState" OwnerOrgId="29588" CreatedBy="gh.mani" OwnerLocId="8998" selected="" OpenTime="2024-12-18T12:27:52.763+03:00"/>
					</MCVAAccountsrecords>
				</MCPaymentsVArecords>
				<MCOnlinePaymentsrecords PageSize="1" PageCount="1" PageNumber="1" TotalRecordsFetched="1">
					<MCOnlinePayments RowNumber="1" Amount="1.000" AuthByBank="95838393" BrPaymentTransactionId="0" CheckId="7730212" ClientIPAddress="10.10.94.10" CreatedBy="" DeclarationId="0" error="" LogInPortId="0" OLPaymentId="13770578" OPDetailId="2024396" OrganizationId="0" OwnerLocId="0" OwnerOrgId="0" PaidByType="G" PaymentFor="1" PaymentId="0" PaymentTransactionId="5409865" PortalLoginId="" PostDate="2024-11-25T12:14:42+03:00" ReceiptId="0" RefByBank="84948329" ReferenceId="316710" ReferenceType="VAStampsCollection" response="" Result="Success" selected="" SessionId="p5xyszba0c5fqsl5qsgpqrju" StateId="Success" TempDeclNumber="VAN/5147/SAL24" TokenId="8720676924069793142" TransId="3343423434" TranStpDateTime="2024-11-25T12:14:42.96+03:00" TranSttDateTime="2024-11-25T12:14:30.743+03:00" OpenTime="2024-12-18T12:27:52.623+03:00" BankId=""/>
				</MCOnlinePaymentsrecords>
				<MCGCSOnlinePaymentsrecords PageSize="1" PageCount="1" PageNumber="1" TotalRecordsFetched="1">
					<MCGCSOnlinePayments RowNumber="1" Amount="3.000" AppSource="" AuthByBank="B24576" BrPaymentTransactionId="1820043" ClientIPAddress="10.10.94.10" CreatedBy="F.eService" CustEmail="" error="" LogInPortId="7050846" MobileNum="" OLPaymentId="1581132" OPDetailId="1790457" OrganizationId="0" OwnerLocId="7050846" OwnerOrgId="0" PaidByType="B" PaymentFor="3" PortalLoginId="F.eService" PostDate="2024-11-25T12:15:28.35+03:00" ReceiptId="18796908" RefByBank="433010000432" ReferenceId="316710" ReferenceNumber="VAN/5147/SAL24" ReferenceType="V" response="CAPTURED" Result="Success" selected="" SessionId="5zvxafwerrskeqlrixsc0shu" StateId="Success" TokenId="7227545056693950470" TrackId="1581132" TransId="433010000595544" TranStpDateTime="2024-11-25T12:15:28.35+03:00" TranSttDateTime="2024-11-25T12:14:57.297+03:00" OpenTime="2024-12-18T12:27:52.637+03:00" BankId=""/>
				</MCGCSOnlinePaymentsrecords>
			</VehAuthForms>
			<WorkflowItemStatesrecords PageSize="20" PageCount="-1" PageNumber="1" TotalRecordsFetched="1">
				<WorkflowItemStates StateName="Approval for Issuance" StateId="VehAuthFormsApprovedState" selected="" OpenTime="2024-12-18T12:27:52.67+03:00" OwnerLocId="" CreatedBy="" OwnerOrgId=""/>
			</WorkflowItemStatesrecords>
			<Locationsrecords PageSize="20" PageCount="-1" PageNumber="1" TotalRecordsFetched="1">
				<Locations LocationId="7053854" LocationCode="خصوصي" Name="خصوصي" Description="خصوصي" CreatedBy="Manar.AboAbeed" selected="" StateId="PlaceCreatedState" OwnerOrgId="29588" OwnerLocId="7050802" ParentId="5150" LocalDescription="خصوصي" IsLocalPort="y" LocationTypeId="1002" OpenTime="2024-12-18T12:27:52.683+03:00" UNCode="" CountryNumber="" ExitPoint="" StdLocationTypeTypeId="" ShortLocationName=""/>
			</Locationsrecords>
			<VehicleTyperecords PageSize="20" PageCount="-1" PageNumber="1" TotalRecordsFetched="1">
				<VehicleType OwnerOrgId="29588" TypeId="33224105" CreatedBy="MicroClear" Description="وانيت" OwnerLocId="8998" LocalDescription="وانيت" selected="" Name="وانيت" TypeTypeId="33223353" StateId="VehicleTypeModifiedState" OpenTime="2024-12-18T12:27:52.683+03:00" ParentId="" Code="" DataProfileClassId=""/>
			</VehicleTyperecords>
			<PassengerDocTyperecords PageSize="20" PageCount="-1" PageNumber="1" TotalRecordsFetched="1">
				<PassengerDocType CreatedBy="MicroClear" TypeId="33223719" LocalDescription="بطاقة مدنية" Name="Civil Id" Description="Civil Id" TypeTypeId="33223310" StateId="PassengerDocModifiedState" OpenTime="2024-12-18T12:27:52.7+03:00" ParentId="" OwnerLocId="" OwnerOrgId="" Code="" DataProfileClassId=""/>
			</PassengerDocTyperecords>
			<PassengerDocTypeArecords PageSize="-1" PageCount="1" PageNumber="1" TotalRecordsFetched="1">
				<PassengerDocTypeA TypeId="33223719" Name="Civil Id" Description="Civil Id" StateId="PassengerDocModifiedState" CreatedBy="MicroClear" selected="" OpenTime="2024-12-18T12:27:52.7+03:00" OwnerLocId="" OwnerOrgId=""/>
			</PassengerDocTypeArecords>
		</VehAuthFormsrecords>
	</data>
	<domaindata>
		<select id="PaymentTypes">
			<option RowNumber="1" TypeId="332294079" Description="KNet POS" ParentId="" CreatedBy="MicroClear" StateId="PaymentTypesCreatedState" LocalDescription="نقاط البيع - كي نت" OwnerLocId="8998" OwnerOrgId="29588" Name="KNet POS" selected="" Code="" DataProfileClassId="" TypeTypeId="14001" OpenTime="2024-12-18T12:27:52.78+03:00" PaymentTypes_Id=""/>
		</select>
	</domaindata>
	<Languages>
		<Language id="ara" Name="Arabic" Direction="rtl"/>
		<Language id="eng" Name="English" Direction="ltr"/>
	</Languages>
	<Insts LastSDOptions="0" SDStamp="(adf5e25d-b0e1-49f4-b3dd-f60762180cef)" IgnoreCache="0"/>
</servicedocument> 