<servicedocument>   <PerformanceAnalysis>
		<stage id="submit" startedat="" completedat="17:47:6:268" period=""/>
		<stage id="processing" startedat="17:47:6:268" completedat="17:47:42:688" period="0:36:420"/>
		<stage id="transformation" startedat="" completedat="" period=""/>
		<stage id="loading" startedat="0" completedat="17:48:2:50" period="1735656482050"/>
	</PerformanceAnalysis> 
  <actionservice>
	<actioncontrol fingerprinttoken="" userid="ad.alenzi" password="" authenticated="1" roleid="" pageid="VehAuthFormsVwPg" profileid="" templateid="" actionid="ViewVehicleAuthorizationForm" actiontype="X" actioncriteria="[VehAuthForms].[VehAuthFormId]='310894'" nextactionid="" nextactioncriteria="" continue="" listpagesizes="" listpage="" previouspageid="" previousactionid="" previousactioncriteria="" previousprofileid="" actionpageid="VehAuthFormsVwPg" passwordreset="" passwordlastresetdate="" passworddaystoexpire="" actioncallfilter="" smartclient="" twofactorauthcode="" searchpageid="" searchactioncriteria="" searchactionid="" searchpagenumber="" searchnode="" searchsorttype="" searchsortby=""/>

  <exception code="" type="" message="" context_value="" sourcecode="" stack="">
		<details/>
		<actorexceptions/>
	</exception>
</actionservice> 
  <user RowNumber="1" OwnerLocId="8998" LogInPortName="SALMI (KUWAIT)" LogInPortId="7050846" DepartmentId="244" UserType="c" StateId="PeopleCreatedState" selected="" OrganizationId="29590" UserId="ad.alenzi" LanguageId="eng" LastLogOnTime="2024-12-31T17:29:01+03:00" Password="" LogInPortNameAra="السالمى" CreatedBy="Mousa.Mohsen" Direction="ltr" PersonalId="321273" OrganizationType="Customs" CultureId="ara" FileNo="14440" FirstName="FirstName 321273" Roles="" message="" AccountStatus="y" StdLocationTypeTypeId="33223960" PortSites="7050922" IsFirstLogin="0" UserCustDepartmentId="396" MenuType="vm" AllowMenuAccess="1" OpenTime="2024-12-31T17:38:14.13+03:00" UnitId="" SectionId="" ThemeId="" Groups="" Token="" TimeZone="" TwoFactorAuth="" RestrictAccess="" IsEmailVerified="0" MenuOrder="" MenuFavourites="" AllowedBrowsers="" IsMobileVerified="0" LatestUpdates="y" PWDPolicyEnable="Y" PWDPolicyEnabledDate="">
	<AllowedMenuActions/>
	<AllowedPageActions/>
</user> 
  <pagelets>
	<xpagelet id="VehAuthFormsVwPg" Classes="Form[@id='HomePage']" type="" cultureid="" LanguageId="eng" dir="ltr" availHeight="" availWidth="" MinAcceptableYear="1900" user_dateformat="dmy" user_dateseparator="-" user_decimalchar="." xml_dateformat="ymd" xml_dateseparator="-" xml_decimalchar="." xml_date="longdate" WindowStamp="" BaseFormName="LatestUpdatesVwPg" BaseFormCtrlIndex=""/>
</pagelets> 
  <data>   <VehAuthFormsrecords PageSize="1" PageCount="1" PageNumber="1" TotalRecordsFetched="1">   <VehAuthForms RowNumber="1" AuthorizationType="A" VehAuthFormDate="2024-12-31T00:00:00+03:00" EngineNo="4525" OwnerName="rama khasawneh" OwnerIdNo="282020148536" DriverName="rama" VehAuthFormNo="VAN/3812/SAL24" VehicleMake="rama" TravelTimes="s" Color="white" IdNumber="282020136523" selected="" ChasisNo="41555" OwnerOrgId="29590" CreatedBy="ad.alenzi" PlateNo="14525" LocationId="7054127" IdTypeId="33223711" VehicleTypeId="33224049" StateId="VehAuthFrmCreatedState" OwnerLocId="7050846" OwnerIdType="33223711" ModeOfCreation="Manual" VehCreatedDate="2024-12-31T17:47:06+03:00" OpenTime="2024-12-31T17:48:20.713+03:00" VehAuthFormId="310894" TicketNumber="" IdTypeDetails="" IssuingAuthority="" Model="" TravelUpto="" DateOfId="" RejectRemarks="" PaymentMethod="" KNetReceiptNo="" ReceiptDate="" MCOnlinePayments="" MCGCSOnlinePayments="" MCPaymentsVA="" MCVAReceipts="">
			<MCPaymentsVArecords PageSize="-1" PageCount="1" PageNumber="1" TotalRecordsFetched="0"/>
		</VehAuthForms> 
  <WorkflowItemStatesrecords PageSize="20" PageCount="-1" PageNumber="1" TotalRecordsFetched="1">
			<WorkflowItemStates StateName="Created" StateId="VehAuthFrmCreatedState" selected="" OpenTime="2024-12-31T17:48:22.2+03:00" OwnerLocId="" CreatedBy="" OwnerOrgId=""/>
		</WorkflowItemStatesrecords> 
  <Locationsrecords PageSize="20" PageCount="-1" PageNumber="1" TotalRecordsFetched="1">
			<Locations LocationId="7054127" LocationCode="45" Name="45" Description="45" CreatedBy="Abdullah.Awed" selected="" StateId="PlaceCreatedState" OwnerOrgId="29588" OwnerLocId="7050808" CountryNumber="45" ParentId="5270" LocalDescription="45" IsLocalPort="0" LocationTypeId="1002" OpenTime="2024-12-31T17:48:22.98+03:00" UNCode="" ExitPoint="" StdLocationTypeTypeId="" ShortLocationName=""/>
		</Locationsrecords> 
  <VehicleTyperecords PageSize="20" PageCount="-1" PageNumber="1" TotalRecordsFetched="1">
			<VehicleType OwnerOrgId="29588" TypeId="33224049" CreatedBy="am.hussein" Description="Cooler Truck" OwnerLocId="712360" LocalDescription="براد" selected="" Name="Cooler Truck" TypeTypeId="33223353" StateId="VehicleTypeCreatedState" OpenTime="2024-12-31T17:48:23.713+03:00" ParentId="" Code="" DataProfileClassId=""/>
		</VehicleTyperecords> 
  <PassengerDocTyperecords PageSize="20" PageCount="-1" PageNumber="1" TotalRecordsFetched="1">
			<PassengerDocType CreatedBy="md.shereef" OwnerLocId="7050811" TypeId="33223711" OwnerOrgId="29588" LocalDescription="هوية" Name="Identity" Description="Identity" TypeTypeId="33223310" StateId="PassengerDocCreatedState" OpenTime="2024-12-31T17:48:24.48+03:00" ParentId="" Code="" DataProfileClassId=""/>
		</PassengerDocTyperecords> 
  <PassengerDocTypeArecords PageSize="-1" PageCount="1" PageNumber="1" TotalRecordsFetched="1">
			<PassengerDocTypeA TypeId="33223711" Name="Identity" Description="Identity" StateId="PassengerDocCreatedState" OwnerOrgId="29588" CreatedBy="md.shereef" OwnerLocId="7050811" selected="" OpenTime="2024-12-31T17:48:25.933+03:00"/>
		</PassengerDocTypeArecords>
	</VehAuthFormsrecords>
</data> 
  <domaindata>   <select id="PaymentTypes">
		<option RowNumber="1" TypeId="332294079" Description="KNet POS" ParentId="" CreatedBy="MicroClear" StateId="PaymentTypesCreatedState" LocalDescription="نقاط البيع - كي نت" OwnerLocId="8998" OwnerOrgId="29588" Name="KNet POS" selected="" Code="" DataProfileClassId="" TypeTypeId="14001" OpenTime="2024-12-31T17:48:40.473+03:00" PaymentTypes_Id=""/>
	</select>
</domaindata> 
  <Languages>
	<Language id="ara" Name="Arabic" Direction="rtl"/>
		<Language id="eng" Name="English" Direction="ltr"/>
	</Languages>
	<Insts LastSDOptions="0" SDStamp="(331125a0-e0fb-4026-af1f-14da51420e38)" IgnoreCache="0"/>
</servicedocument>