<servicedocument>
	<PerformanceAnalysis>
		<stage id="submit" startedat="" completedat="1:2:37:255" period=""/>
		<stage id="processing" startedat="1:2:37:255" completedat="1:2:37:380" period="0:0:125"/>
		<stage id="transformation" startedat="" completedat="" period=""/>
		<stage id="loading" startedat="0" completedat="1:2:41:142" period="1734559361142"/>
	</PerformanceAnalysis>
	<actionservice>
		<actioncontrol fingerprinttoken="" userid="ad.alenzi" password="" authenticated="1" roleid="" pageid="VehAuthFormsLsPg" profileid="" templateid="" actionid="ListVehicleAuthorizationForm" actiontype="X" actioncriteria="[VehAuthForms].[VehAuthFormDate] between '2024-12-18 00:00:00' and '2024-12-18 23:59:59.997'" nextactionid="" nextactioncriteria="" continue="" listpagesizes="" listpage="" previouspageid="" previousactionid="" previousactioncriteria="" previousprofileid="" actionpageid="VehAuthFormsLsPg" passwordreset="" passwordlastresetdate="" passworddaystoexpire="" actioncallfilter="" smartclient="" twofactorauthcode="" searchpageid="" searchactioncriteria="" searchactionid="" searchpagenumber="" searchnode="" searchsorttype="" searchsortby=""/>

		<exception code="" type="" message="" context_value="" sourcecode="" stack="">
			<details/>
			<actorexceptions/>
		</exception>
	</actionservice>
	<user RowNumber="1" OwnerLocId="8998" LogInPortName="SALMI (KUWAIT)" LogInPortId="7050846" DepartmentId="244" UserType="c" StateId="PeopleCreatedState" selected="" OrganizationId="29590" UserId="ad.alenzi" LanguageId="eng" LastLogOnTime="2024-12-18T21:45:47+03:00" Password="" LogInPortNameAra="السالمى" CreatedBy="Mousa.Mohsen" Direction="ltr" PersonalId="321273" OrganizationType="Customs" CultureId="ara" FileNo="14440" FirstName="Ahmed" Roles="" message="" AccountStatus="y" StdLocationTypeTypeId="33223960" PortSites="7050922" IsFirstLogin="0" UserCustDepartmentId="396" MenuType="vm" AllowMenuAccess="1" OpenTime="2024-12-19T00:44:40.383+03:00" UnitId="" SectionId="" ThemeId="" Groups="" Token="" TimeZone="" TwoFactorAuth="" RestrictAccess="" IsEmailVerified="0" MenuOrder="" MenuFavourites="" AllowedBrowsers="" Activities="" IsMobileVerified="0" LatestUpdates="y" PWDPolicyEnable="Y" PWDPolicyEnabledDate="">
		<AllowedMenuActions>
			<action id="ListBrReceipts" type="select"/>
			<action id="ListHouseBills" type="select"/>
			<action id="ListMenuAdditionalDocRequest" type="select"/>
			<action id="ListDepositTracking" type="select"/>
			<action id="ListMechanicalCertificates" type="select"/>
			<action id="ListDeliveryOrderForDeclaration" type="select"/>
			<action id="ListMenuUTFRequest" type="select"/>
			<action id="ListReExportRequest" type="select"/>
			<action id="ListHeading" type="select"/>
			<action id="ListHeading" type="select"/>
			<action id="ListPVValuationRequests" type="select"/>
			<action id="ListPVInformationRequests" type="select"/>
			<action id="ListLabTestRequests" type="select"/>
			<action id="ListPromissoryNotes" type="select"/>
			<action id="ListLatestUpdatesToAll" type="select"/>
			<action id="ListSection" type="select"/>
			<action id="ListSection" type="select"/>
			<action id="ListSubHeadings" type="select"/>
			<action id="ListSubHeadings" type="select"/>
			<action id="ListChapter" type="select"/>
			<action id="ListChapter" type="select"/>
			<action id="ListEServiceRequests" type="select"/>
			<action id="ListBrokerExamResult" type="select"/>
			<action id="ListMenuDocAuthRequest" type="select"/>
			<action id="ListMenuOrganizations" type="select"/>
			<action id="ListOrganizations" type="select"/>
			<action id="ListOrganizations" type="select"/>
			<action id="ListOrganizations" type="select"/>
			<action id="ListIDDDetails" type="select"/>
			<action id="ListADCConfiscation" type="select"/>
			<action id="ListInbox" type="select"/>
			<action id="ListReleaseInRequests" type="select"/>
			<action id="ViewLocationType" type="select"/>
			<action id="ListCustomsControlProcedures" type="select"/>
			<action id="ListImporterPaymentRequests" type="select"/>
			<action id="ListMenuVehAuthFrm" type="select"/>
			<action id="ListScanDocumentRequest" type="select"/>
			<action id="ListExemptionRequest" type="select"/>
			<action id="ListMenuDigitalDocumentRequest" type="select"/>
			<action id="ListDocumentSubmissionRequest" type="select"/>
			<action id="ListBayanFileRequest" type="select"/>
			<action id="ListUserActivityRequest" type="select"/>
			<action id="ListADCDeclaration" type="select"/>
			<action id="ListMenuCWHUnloadingRequest" type="select"/>
			<action id="ListGoodsDetection" type="select"/>
			<action id="ListReports" type="select"/>
			<action id="ListReports" type="select"/>
			<action id="ListDeclarationReports" type="select"/>
			<action id="ListInterpolHBIVehicles" type="select"/>
			<action id="ListMenuDigDocsReqReplica" type="select"/>
			<action id="ListBusinessActivityRequest" type="select"/>
			<action id="ListPVDoubtRequests" type="select"/>
			<action id="ListPVDoubtRequests" type="select"/>
			<action id="ListItem" type="select"/>
			<action id="ListItem" type="select"/>
			<action id="ListMechanicalCertificatesReExp" type="select"/>
			<action id="ListCommercialInvoices" type="select"/>
			<action id="ListMenuUsers" type="select"/>
			<action id="ListLegalAffairsVisitRequest" type="select"/>
		</AllowedMenuActions>
		<AllowedPageActions>
			<action id="DeleteVehAuthFrm" type="delete" HasSteps="yes" DataProfileId="VehAuthFrm" DataProfileType="T">
				<Transition id="ViewVehAuthFrm" type="select" HasSteps="yes" DataProfileId="VehAuthFrm" DataProfileType="p" TransitionId="1117" ToStateId="VehAuthFrmSubmittedState" FromStateId="VehAuthFrmSubmittedState"/>
				<Transition id="DeleteVehAuthFrm" type="delete" HasSteps="yes" DataProfileId="VehAuthFrm" DataProfileType="p" TransitionId="2640" ToStateId="VehAuthFrmCreatedState" FromStateId="VehAuthFrmCreatedState"/>
				<Transition id="DeleteVehAuthFrm" type="delete" HasSteps="yes" DataProfileId="VehAuthFrm" DataProfileType="p" TransitionId="14120" ToStateId="VehAuthFrmModifiedState" FromStateId="VehAuthFrmModifiedState"/>
				<Transition id="DeleteVehAuthFrm" type="delete" HasSteps="yes" DataProfileId="VehAuthFrm" DataProfileType="p" TransitionId="2094264153" ToStateId="VehAuthFrmsDutyClaculatedState" FromStateId="VehAuthFrmsDutyClaculatedState"/>
			</action>
			<action id="GetNewVehAuthFrm" type="create" HasSteps="yes" DataProfileId="VehAuthFrm" DataProfileType="T">
				<Transition id="ViewVehAuthFrm" type="select" HasSteps="yes" DataProfileId="VehAuthFrm" DataProfileType="p" TransitionId="1117" ToStateId="VehAuthFrmSubmittedState" FromStateId="VehAuthFrmSubmittedState"/>
				<Transition id="GetNewVehAuthFrm" type="create" HasSteps="yes" DataProfileId="VehAuthFrm" DataProfileType="p" TransitionId="11583" ToStateId="VehAuthFrmStartState" FromStateId="VehAuthFrmStartState"/>
			</action>
			<action id="OpenVehAuthFrm" type="update" HasSteps="yes" DataProfileId="VehAuthFrm" DataProfileType="T">
				<Transition id="ViewVehAuthFrm" type="select" HasSteps="yes" DataProfileId="VehAuthFrm" DataProfileType="p" TransitionId="1117" ToStateId="VehAuthFrmSubmittedState" FromStateId="VehAuthFrmSubmittedState"/>
				<Transition id="OpenVehAuthFrm" type="update" HasSteps="yes" DataProfileId="VehAuthFrm" DataProfileType="p" TransitionId="387" ToStateId="VehAuthFrmCreatedState" FromStateId="VehAuthFrmCreatedState"/>
				<Transition id="OpenVehAuthFrm" type="update" HasSteps="yes" DataProfileId="VehAuthFrm" DataProfileType="p" TransitionId="1957" ToStateId="VehAuthFrmsRejectedState" FromStateId="VehAuthFrmsRejectedState"/>
				<Transition id="OpenVehAuthFrm" type="update" HasSteps="yes" DataProfileId="VehAuthFrm" DataProfileType="p" TransitionId="5262" ToStateId="VehAuthFrmsDutyClaculatedState" FromStateId="VehAuthFrmsDutyClaculatedState"/>
				<Transition id="OpenVehAuthFrm" type="update" HasSteps="yes" DataProfileId="VehAuthFrm" DataProfileType="p" TransitionId="14118" ToStateId="VehAuthFrmModifiedState" FromStateId="VehAuthFrmModifiedState"/>
			</action>
			<action id="ViewVehAuthFrm" type="select" HasSteps="yes" DataProfileId="VehAuthFrm" DataProfileType="T">
				<Transition id="ViewVehAuthFrm" type="select" HasSteps="yes" DataProfileId="VehAuthFrm" DataProfileType="p" TransitionId="1117" ToStateId="VehAuthFrmSubmittedState" FromStateId="VehAuthFrmSubmittedState"/>
				<Transition id="ViewVehAuthFrm" type="select" HasSteps="yes" DataProfileId="VehAuthFrm" DataProfileType="p" TransitionId="6433" ToStateId="VehAuthFrmCreatedState" FromStateId="VehAuthFrmCreatedState"/>
				<Transition id="ViewVehAuthFrm" type="select" HasSteps="yes" DataProfileId="VehAuthFrm" DataProfileType="p" TransitionId="6670" ToStateId="VehAuthFrmClosedState" FromStateId="VehAuthFrmClosedState"/>
				<Transition id="ViewVehAuthFrm" type="select" HasSteps="yes" DataProfileId="VehAuthFrm" DataProfileType="p" TransitionId="10707" ToStateId="VehAuthFrmCancelledState" FromStateId="VehAuthFrmCancelledState"/>
				<Transition id="ViewVehAuthFrm" type="select" HasSteps="yes" DataProfileId="VehAuthFrm" DataProfileType="p" TransitionId="12762" ToStateId="VehAuthFormsApprovedState" FromStateId="VehAuthFormsApprovedState"/>
				<Transition id="ViewVehAuthFrm" type="select" HasSteps="yes" DataProfileId="VehAuthFrm" DataProfileType="p" TransitionId="12766" ToStateId="VehAuthFrmReleaseRequestedState" FromStateId="VehAuthFrmReleaseRequestedState"/>
				<Transition id="ViewVehAuthFrm" type="select" HasSteps="yes" DataProfileId="VehAuthFrm" DataProfileType="p" TransitionId="12770" ToStateId="VehAuthFrmReleaseRequestRejectedState" FromStateId="VehAuthFrmReleaseRequestRejectedState"/>
				<Transition id="ViewVehAuthFrm" type="select" HasSteps="yes" DataProfileId="VehAuthFrm" DataProfileType="p" TransitionId="12772" ToStateId="VehAuthFrmReleasedState" FromStateId="VehAuthFrmReleasedState"/>
				<Transition id="ViewVehAuthFrm" type="select" HasSteps="yes" DataProfileId="VehAuthFrm" DataProfileType="p" TransitionId="12775" ToStateId="VehAuthFrmReleaseSeizedDepositState" FromStateId="VehAuthFrmReleaseSeizedDepositState"/>
				<Transition id="ViewVehAuthFrm" type="select" HasSteps="yes" DataProfileId="VehAuthFrm" DataProfileType="p" TransitionId="14123" ToStateId="VehAuthFrmModifiedState" FromStateId="VehAuthFrmModifiedState"/>
				<Transition id="ViewVehAuthFrm" type="select" HasSteps="yes" DataProfileId="VehAuthFrm" DataProfileType="p" TransitionId="2094264120" ToStateId="VehAuthFrmAppByAuditorSupervisor" FromStateId="VehAuthFrmAppByAuditorSupervisor"/>
			</action>
		</AllowedPageActions>
	</user>
	<pagelets>
		<xpagelet id="VehAuthFormsLsPg" Classes="Form[@id='HomePage']" type="" cultureid="" LanguageId="eng" dir="ltr" availHeight="" availWidth="" MinAcceptableYear="1900" user_dateformat="dmy" user_dateseparator="-" user_decimalchar="." xml_dateformat="ymd" xml_dateseparator="-" xml_decimalchar="." xml_date="longdate" WindowStamp="" BaseFormName="LatestUpdatesVwPg" BaseFormCtrlIndex=""/>
	</pagelets>
	<data>
		<VehAuthFormsrecords PageSize="15" PageCount="1" PageNumber="1" TotalRecordsFetched="2" SortBy="[VehAuthForms].[VehAuthFormId]" SortType="Desc">
			<VehAuthForms RowNumber="1" VehicleAuthorizationFormIdDesc="316727" AuthorizationType="A" VehAuthFormDate="2024-12-18T00:00:00+03:00" EngineNo="7859636" OwnerName="Test" OwnerIdNo="2820201478596" DriverName="Rama" VehAuthFormNo="VAN/5153/SAL24" VehicleMake="12369" TravelTimes="s" Color="black" IdNumber="282020136974" TravelUpto="2024-12-20T00:00:00+03:00" selected="" ChasisNo="125236" OwnerOrgId="29590" CreatedBy="ad.alenzi" PlateNo="14963" LocationId="7054127" IdTypeId="33223711" VehicleTypeId="33224043" StateId="VehAuthFrmSubmittedState" OwnerLocId="7050846" OwnerIdType="33223711" ModeOfCreation="Manual" PaymentMethod="332294079" KNetReceiptNo="52525" ReceiptDate="2024-12-19T00:00:00+03:00" VehCreatedDate="2024-12-18T22:03:54+03:00" OpenTime="2024-12-19T01:03:17.403+03:00" VehAuthFormId="316727" TicketNumber="" IdTypeDetails="" IssuingAuthority="" Model="" DateOfId="" RejectRemarks="" MCOnlinePayments="" MCGCSOnlinePayments="" MCPaymentsVA="" MCVAReceipts="">
				<MCOnlinePaymentsrecords PageSize="-1" PageCount="1" PageNumber="1" TotalRecordsFetched="0"/>
				<MCGCSOnlinePaymentsrecords PageSize="-1" PageCount="1" PageNumber="1" TotalRecordsFetched="0"/>

				<MCPaymentsVArecords PageSize="-1" PageCount="1" PageNumber="1" TotalRecordsFetched="2">
					<MCPaymentsVA RowNumber="2" AccountId="1234" Amount="1.000" CreatedBy="ad.alenzi" MCPaymentId="7730218" OwnerLocId="7050846" OwnerOrgId="29590" PaidBy="33223669" PaidByType="G" PaidFor="332295622" PaymentMethod="332294079" PaymentTypeId="33237038" ReceiptDate="2024-12-19T00:00:00+03:00" ReceiptNumber="52525" ReferenceType="VAStampsCollection" selected="" StateId="MCPaymentPaidState" TransactionDate="2024-12-19T00:45:47.393+03:00" OpenTime="2024-12-19T01:03:17.467+03:00" ReferenceId="316727" BankBranch="" BankId="" ChequeNumber="" DrawerAccountNumber="" SubmissionSequence="" TokenId=""/>
				</MCPaymentsVArecords>
				<MCVAReceiptsrecords PageSize="-1" PageCount="1" PageNumber="1" TotalRecordsFetched="1"/>
			</VehAuthForms>
			<VehAuthForms RowNumber="2" VehicleAuthorizationFormIdDesc="316726" AuthorizationType="A" VehAuthFormDate="2024-12-18T00:00:00+03:00" EngineNo="42558" OwnerName="Test" OwnerIdNo="282020139674" DriverName="Rama" VehAuthFormNo="VAN/5152/SAL24" Model="252" VehicleMake="4252" TravelTimes="s" Color="black" IdNumber="282020136985" TravelUpto="2024-12-18T00:00:00+03:00" selected="" ChasisNo="12523" OwnerOrgId="29590" CreatedBy="ad.alenzi" PlateNo="145256" LocationId="7054127" IdTypeId="33223719" VehicleTypeId="33224043" StateId="VehAuthFormsApprovedState" OwnerLocId="7050846" OwnerIdType="33223719" ModeOfCreation="Manual" PaymentMethod="332294079" KNetReceiptNo="12636" ReceiptDate="2024-12-18T00:00:00+03:00" VehCreatedDate="2024-12-18T15:32:26+03:00" OpenTime="2024-12-19T01:03:17.403+03:00" VehAuthFormId="316726" TicketNumber="" IdTypeDetails="" IssuingAuthority="" DateOfId="" RejectRemarks="" MCOnlinePayments="" MCGCSOnlinePayments="" MCPaymentsVA="" MCVAReceipts="">
				<MCOnlinePaymentsrecords PageSize="-1" PageCount="1" PageNumber="1" TotalRecordsFetched="0"/>
				<MCGCSOnlinePaymentsrecords PageSize="-1" PageCount="1" PageNumber="1" TotalRecordsFetched="0"/>

				<MCPaymentsVArecords PageSize="-1" PageCount="1" PageNumber="1" TotalRecordsFetched="0">
					<MCPaymentsVA RowNumber="1" AccountId="1234" Amount="1.000" CreatedBy="ad.alenzi" MCPaymentId="7730217" OwnerLocId="7050846" OwnerOrgId="29590" PaidBy="33223669" PaidByType="G" PaidFor="332295622" PaymentMethod="332294079" PaymentTypeId="33237038" ReceiptDate="2024-12-18T00:00:00+03:00" ReceiptNumber="12636" ReferenceType="VAStampsCollection" selected="" StateId="MCPaymentPaidState" TransactionDate="2024-12-18T15:33:51.013+03:00" OpenTime="2024-12-19T01:03:17.467+03:00" ReferenceId="316726" BankBranch="" BankId="" ChequeNumber="" DrawerAccountNumber="" SubmissionSequence="" TokenId=""/>
				</MCPaymentsVArecords>
				<MCVAReceiptsrecords PageSize="-1" PageCount="1" PageNumber="1" TotalRecordsFetched="0">
					<MCVAReceipts RowNumber="1" ReceiptDetailsId="87513819" ReceiptId="18796915" ReceiptNumber="ERC/17549/SAL24" ReferenceNo="VAN/5152/SAL24" Referencetype="6" selected="" StateId="ReceiptSubmittedState" VehCreatedDate="2024-12-18T15:32:26+03:00" VehicleAuthorizationFormId="316726" VehicleAuthorizationNumber="VAN/5152/SAL24" OpenTime="2024-12-19T01:03:17.48+03:00" ReferenceId="316726"/>
				</MCVAReceiptsrecords>
			</VehAuthForms>
			<WorkflowItemStatesrecords PageSize="20" PageCount="-1" PageNumber="1" TotalRecordsFetched="2">
				<WorkflowItemStates StateName="Approval for Issuance" StateId="VehAuthFormsApprovedState" selected="" OpenTime="2024-12-19T01:03:17.42+03:00" OwnerLocId="" CreatedBy="" OwnerOrgId=""/>
				<WorkflowItemStates StateName="Submitted" StateId="VehAuthFrmSubmittedState" selected="" OpenTime="2024-12-19T01:03:17.42+03:00" OwnerLocId="" CreatedBy="" OwnerOrgId=""/>
			</WorkflowItemStatesrecords>
		</VehAuthFormsrecords>
	</data>
	<domaindata>
		<select id="WorkflowItemStates">
			<option RowNumber="1" OwnerLocId="" StateName="Approval for Issuance" StateId="VehAuthFormsApprovedState" DataProfileClassId="VehAuthForms" DataProfileClassWorkflowStateId="3813" StateDescription="VehAuthFormsApprovedState" CreatedBy="" OwnerOrgId="" StateForView="" OpenTime="2024-12-19T01:03:17.497+03:00" WorkflowItemStates_Id=""/>
			<option RowNumber="2" OwnerLocId="" StateName="Cancel and Hold" StateId="VehAuthFormsCancelledState" DataProfileClassId="VehAuthForms" DataProfileClassWorkflowStateId="3815" StateDescription="VehAuthFormsCancelledState" CreatedBy="" OwnerOrgId="" StateForView="" OpenTime="2024-12-19T01:03:17.497+03:00" WorkflowItemStates_Id=""/>
			<option RowNumber="3" OwnerLocId="" StateName="Created" StateId="VehAuthFrmCreatedState" DataProfileClassId="VehAuthForms" DataProfileClassWorkflowStateId="1168" StateDescription="Vehicle Authorization Form Created State" CreatedBy="" OwnerOrgId="" StateForView="" OpenTime="2024-12-19T01:03:17.497+03:00" WorkflowItemStates_Id=""/>
			<option RowNumber="4" OwnerLocId="" StateName="Modified" StateId="VehAuthFrmModifiedState" DataProfileClassId="VehAuthForms" DataProfileClassWorkflowStateId="2102" StateDescription="Vehicle Authorization Form Modified State" CreatedBy="" OwnerOrgId="" StateForView="" OpenTime="2024-12-19T01:03:17.497+03:00" WorkflowItemStates_Id=""/>
			<option RowNumber="5" OwnerLocId="" StateName="Submitted" StateId="VehAuthFrmSubmittedState" DataProfileClassId="VehAuthForms" DataProfileClassWorkflowStateId="2080" StateDescription="Vehicle Authorization Form Submitted State" CreatedBy="" OwnerOrgId="" StateForView="" OpenTime="2024-12-19T01:03:17.497+03:00" WorkflowItemStates_Id=""/>
		</select>
	</domaindata>
	<Languages>
		<Language id="ara" Name="Arabic" Direction="rtl"/>
		<Language id="eng" Name="English" Direction="ltr"/>
	</Languages>
	<Insts LastSDOptions="0" SDStamp="(f66ac925-40f1-4ea5-9b1f-a281af8de90c)" IgnoreCache="0"/>
</servicedocument>