{
  "Version": 1,
  "ManifestType": "Publish",
  "Endpoints": [
    {
      "Route": "XMLFiles/Inbox/ListInbox.nzdgfow0cy.xml",
      "AssetFile": "XMLFiles/Inbox/ListInbox.xml",
      "Selectors": [],
      "ResponseHeaders": [
        {
          "Name": "Accept-Ranges",
          "Value": "bytes"
        },
        {
          "Name": "Cache-Control",
          "Value": "max-age=31536000, immutable"
        },
        {
          "Name": "Content-Length",
          "Value": "14835"
        },
        {
          "Name": "Content-Type",
          "Value": "text/xml"
        },
        {
          "Name": "ETag",
          "Value": "\"03nxSbwuj2UqkLah/GMmyIXC46RiqYihQDmGU9oUXTk=\""
        },
        {
          "Name": "Last-Modified",
          "Value": "Wed, 01 Jan 2025 14:06:10 GMT"
        }
      ],
      "EndpointProperties": [
        {
          "Name": "fingerprint",
          "Value": "nzdgfow0cy"
        },
        {
          "Name": "integrity",
          "Value": "sha256-03nxSbwuj2UqkLah/GMmyIXC46RiqYihQDmGU9oUXTk="
        },
        {
          "Name": "label",
          "Value": "XMLFiles/Inbox/ListInbox.xml"
        }
      ]
    },
    {
      "Route": "XMLFiles/Inbox/ListInbox.xml",
      "AssetFile": "XMLFiles/Inbox/ListInbox.xml",
      "Selectors": [],
      "ResponseHeaders": [
        {
          "Name": "Accept-Ranges",
          "Value": "bytes"
        },
        {
          "Name": "Cache-Control",
          "Value": "no-cache"
        },
        {
          "Name": "Content-Length",
          "Value": "14835"
        },
        {
          "Name": "Content-Type",
          "Value": "text/xml"
        },
        {
          "Name": "ETag",
          "Value": "\"03nxSbwuj2UqkLah/GMmyIXC46RiqYihQDmGU9oUXTk=\""
        },
        {
          "Name": "Last-Modified",
          "Value": "Wed, 01 Jan 2025 14:06:10 GMT"
        }
      ],
      "EndpointProperties": [
        {
          "Name": "integrity",
          "Value": "sha256-03nxSbwuj2UqkLah/GMmyIXC46RiqYihQDmGU9oUXTk="
        }
      ]
    },
    {
      "Route": "XMLFiles/Inbox/SearchListInbox.fnaqx6uxsl.xml",
      "AssetFile": "XMLFiles/Inbox/SearchListInbox.xml",
      "Selectors": [],
      "ResponseHeaders": [
        {
          "Name": "Accept-Ranges",
          "Value": "bytes"
        },
        {
          "Name": "Cache-Control",
          "Value": "max-age=31536000, immutable"
        },
        {
          "Name": "Content-Length",
          "Value": "7231"
        },
        {
          "Name": "Content-Type",
          "Value": "text/xml"
        },
        {
          "Name": "ETag",
          "Value": "\"a3Ga9T9BsctVpa+LyDHPzAHDrLxtba7uOpiVvq4/Chk=\""
        },
        {
          "Name": "Last-Modified",
          "Value": "Mon, 23 Dec 2024 12:33:48 GMT"
        }
      ],
      "EndpointProperties": [
        {
          "Name": "fingerprint",
          "Value": "fnaqx6uxsl"
        },
        {
          "Name": "integrity",
          "Value": "sha256-a3Ga9T9BsctVpa+LyDHPzAHDrLxtba7uOpiVvq4/Chk="
        },
        {
          "Name": "label",
          "Value": "XMLFiles/Inbox/SearchListInbox.xml"
        }
      ]
    },
    {
      "Route": "XMLFiles/Inbox/SearchListInbox.xml",
      "AssetFile": "XMLFiles/Inbox/SearchListInbox.xml",
      "Selectors": [],
      "ResponseHeaders": [
        {
          "Name": "Accept-Ranges",
          "Value": "bytes"
        },
        {
          "Name": "Cache-Control",
          "Value": "no-cache"
        },
        {
          "Name": "Content-Length",
          "Value": "7231"
        },
        {
          "Name": "Content-Type",
          "Value": "text/xml"
        },
        {
          "Name": "ETag",
          "Value": "\"a3Ga9T9BsctVpa+LyDHPzAHDrLxtba7uOpiVvq4/Chk=\""
        },
        {
          "Name": "Last-Modified",
          "Value": "Mon, 23 Dec 2024 12:33:48 GMT"
        }
      ],
      "EndpointProperties": [
        {
          "Name": "integrity",
          "Value": "sha256-a3Ga9T9BsctVpa+LyDHPzAHDrLxtba7uOpiVvq4/Chk="
        }
      ]
    },
    {
      "Route": "XMLFiles/Inbox/SearchListInboxRequest.nq4mfwmf0s.xml",
      "AssetFile": "XMLFiles/Inbox/SearchListInboxRequest.xml",
      "Selectors": [],
      "ResponseHeaders": [
        {
          "Name": "Accept-Ranges",
          "Value": "bytes"
        },
        {
          "Name": "Cache-Control",
          "Value": "max-age=31536000, immutable"
        },
        {
          "Name": "Content-Length",
          "Value": "3537"
        },
        {
          "Name": "Content-Type",
          "Value": "text/xml"
        },
        {
          "Name": "ETag",
          "Value": "\"f9Bl5rOyAjxIRyR51fLYse+QUQ2CO/HaaqL+ngoOK20=\""
        },
        {
          "Name": "Last-Modified",
          "Value": "Tue, 31 Dec 2024 15:08:16 GMT"
        }
      ],
      "EndpointProperties": [
        {
          "Name": "fingerprint",
          "Value": "nq4mfwmf0s"
        },
        {
          "Name": "integrity",
          "Value": "sha256-f9Bl5rOyAjxIRyR51fLYse+QUQ2CO/HaaqL+ngoOK20="
        },
        {
          "Name": "label",
          "Value": "XMLFiles/Inbox/SearchListInboxRequest.xml"
        }
      ]
    },
    {
      "Route": "XMLFiles/Inbox/SearchListInboxRequest.xml",
      "AssetFile": "XMLFiles/Inbox/SearchListInboxRequest.xml",
      "Selectors": [],
      "ResponseHeaders": [
        {
          "Name": "Accept-Ranges",
          "Value": "bytes"
        },
        {
          "Name": "Cache-Control",
          "Value": "no-cache"
        },
        {
          "Name": "Content-Length",
          "Value": "3537"
        },
        {
          "Name": "Content-Type",
          "Value": "text/xml"
        },
        {
          "Name": "ETag",
          "Value": "\"f9Bl5rOyAjxIRyR51fLYse+QUQ2CO/HaaqL+ngoOK20=\""
        },
        {
          "Name": "Last-Modified",
          "Value": "Tue, 31 Dec 2024 15:08:16 GMT"
        }
      ],
      "EndpointProperties": [
        {
          "Name": "integrity",
          "Value": "sha256-f9Bl5rOyAjxIRyR51fLYse+QUQ2CO/HaaqL+ngoOK20="
        }
      ]
    },
    {
      "Route": "XMLFiles/LogIn/LogIn_SD.8pew8d4peq.xml",
      "AssetFile": "XMLFiles/LogIn/LogIn_SD.xml",
      "Selectors": [],
      "ResponseHeaders": [
        {
          "Name": "Accept-Ranges",
          "Value": "bytes"
        },
        {
          "Name": "Cache-Control",
          "Value": "max-age=31536000, immutable"
        },
        {
          "Name": "Content-Length",
          "Value": "5775"
        },
        {
          "Name": "Content-Type",
          "Value": "text/xml"
        },
        {
          "Name": "ETag",
          "Value": "\"lBF7XsKyai6GB3Lx+k9fhy6uSfA8jKpxMhPSBGVEaUI=\""
        },
        {
          "Name": "Last-Modified",
          "Value": "Tue, 31 Dec 2024 15:08:16 GMT"
        }
      ],
      "EndpointProperties": [
        {
          "Name": "fingerprint",
          "Value": "8pew8d4peq"
        },
        {
          "Name": "integrity",
          "Value": "sha256-lBF7XsKyai6GB3Lx+k9fhy6uSfA8jKpxMhPSBGVEaUI="
        },
        {
          "Name": "label",
          "Value": "XMLFiles/LogIn/LogIn_SD.xml"
        }
      ]
    },
    {
      "Route": "XMLFiles/LogIn/LogIn_SD.xml",
      "AssetFile": "XMLFiles/LogIn/LogIn_SD.xml",
      "Selectors": [],
      "ResponseHeaders": [
        {
          "Name": "Accept-Ranges",
          "Value": "bytes"
        },
        {
          "Name": "Cache-Control",
          "Value": "no-cache"
        },
        {
          "Name": "Content-Length",
          "Value": "5775"
        },
        {
          "Name": "Content-Type",
          "Value": "text/xml"
        },
        {
          "Name": "ETag",
          "Value": "\"lBF7XsKyai6GB3Lx+k9fhy6uSfA8jKpxMhPSBGVEaUI=\""
        },
        {
          "Name": "Last-Modified",
          "Value": "Tue, 31 Dec 2024 15:08:16 GMT"
        }
      ],
      "EndpointProperties": [
        {
          "Name": "integrity",
          "Value": "sha256-lBF7XsKyai6GB3Lx+k9fhy6uSfA8jKpxMhPSBGVEaUI="
        }
      ]
    },
    {
      "Route": "XMLFiles/LogIn/MenuandPortsxml.44toprjy9b.xml",
      "AssetFile": "XMLFiles/LogIn/MenuandPortsxml.xml",
      "Selectors": [],
      "ResponseHeaders": [
        {
          "Name": "Accept-Ranges",
          "Value": "bytes"
        },
        {
          "Name": "Cache-Control",
          "Value": "max-age=31536000, immutable"
        },
        {
          "Name": "Content-Length",
          "Value": "35912"
        },
        {
          "Name": "Content-Type",
          "Value": "text/xml"
        },
        {
          "Name": "ETag",
          "Value": "\"nKE2w/mZUxPHJMAyJRTnKGJ+Yv1a7h8Hx2eaZI9VFW4=\""
        },
        {
          "Name": "Last-Modified",
          "Value": "Wed, 01 Jan 2025 14:03:26 GMT"
        }
      ],
      "EndpointProperties": [
        {
          "Name": "fingerprint",
          "Value": "44toprjy9b"
        },
        {
          "Name": "integrity",
          "Value": "sha256-nKE2w/mZUxPHJMAyJRTnKGJ+Yv1a7h8Hx2eaZI9VFW4="
        },
        {
          "Name": "label",
          "Value": "XMLFiles/LogIn/MenuandPortsxml.xml"
        }
      ]
    },
    {
      "Route": "XMLFiles/LogIn/MenuandPortsxml.xml",
      "AssetFile": "XMLFiles/LogIn/MenuandPortsxml.xml",
      "Selectors": [],
      "ResponseHeaders": [
        {
          "Name": "Accept-Ranges",
          "Value": "bytes"
        },
        {
          "Name": "Cache-Control",
          "Value": "no-cache"
        },
        {
          "Name": "Content-Length",
          "Value": "35912"
        },
        {
          "Name": "Content-Type",
          "Value": "text/xml"
        },
        {
          "Name": "ETag",
          "Value": "\"nKE2w/mZUxPHJMAyJRTnKGJ+Yv1a7h8Hx2eaZI9VFW4=\""
        },
        {
          "Name": "Last-Modified",
          "Value": "Wed, 01 Jan 2025 14:03:26 GMT"
        }
      ],
      "EndpointProperties": [
        {
          "Name": "integrity",
          "Value": "sha256-nKE2w/mZUxPHJMAyJRTnKGJ+Yv1a7h8Hx2eaZI9VFW4="
        }
      ]
    },
    {
      "Route": "XMLFiles/Menus.ffcazeqa66.xml",
      "AssetFile": "XMLFiles/Menus.xml",
      "Selectors": [],
      "ResponseHeaders": [
        {
          "Name": "Accept-Ranges",
          "Value": "bytes"
        },
        {
          "Name": "Cache-Control",
          "Value": "max-age=31536000, immutable"
        },
        {
          "Name": "Content-Length",
          "Value": "138373"
        },
        {
          "Name": "Content-Type",
          "Value": "text/xml"
        },
        {
          "Name": "ETag",
          "Value": "\"lYfe1ogwfJjJuQhY2TGGtdGcdLB8Wu150qt0ruM0e9Y=\""
        },
        {
          "Name": "Last-Modified",
          "Value": "Tue, 31 Dec 2024 15:08:16 GMT"
        }
      ],
      "EndpointProperties": [
        {
          "Name": "fingerprint",
          "Value": "ffcazeqa66"
        },
        {
          "Name": "integrity",
          "Value": "sha256-lYfe1ogwfJjJuQhY2TGGtdGcdLB8Wu150qt0ruM0e9Y="
        },
        {
          "Name": "label",
          "Value": "XMLFiles/Menus.xml"
        }
      ]
    },
    {
      "Route": "XMLFiles/Menus.xml",
      "AssetFile": "XMLFiles/Menus.xml",
      "Selectors": [],
      "ResponseHeaders": [
        {
          "Name": "Accept-Ranges",
          "Value": "bytes"
        },
        {
          "Name": "Cache-Control",
          "Value": "no-cache"
        },
        {
          "Name": "Content-Length",
          "Value": "138373"
        },
        {
          "Name": "Content-Type",
          "Value": "text/xml"
        },
        {
          "Name": "ETag",
          "Value": "\"lYfe1ogwfJjJuQhY2TGGtdGcdLB8Wu150qt0ruM0e9Y=\""
        },
        {
          "Name": "Last-Modified",
          "Value": "Tue, 31 Dec 2024 15:08:16 GMT"
        }
      ],
      "EndpointProperties": [
        {
          "Name": "integrity",
          "Value": "sha256-lYfe1ogwfJjJuQhY2TGGtdGcdLB8Wu150qt0ruM0e9Y="
        }
      ]
    },
    {
      "Route": "XMLFiles/Menus.xml.4zsucno2m8.bak",
      "AssetFile": "XMLFiles/Menus.xml.bak",
      "Selectors": [],
      "ResponseHeaders": [
        {
          "Name": "Accept-Ranges",
          "Value": "bytes"
        },
        {
          "Name": "Cache-Control",
          "Value": "max-age=31536000, immutable"
        },
        {
          "Name": "Content-Length",
          "Value": "137763"
        },
        {
          "Name": "Content-Type",
          "Value": "application/octet-stream"
        },
        {
          "Name": "ETag",
          "Value": "\"MDYK8nue/HsjRdUCaFjPoe4CiN7klWtT7nXy3kj6tp0=\""
        },
        {
          "Name": "Last-Modified",
          "Value": "Tue, 31 Dec 2024 15:08:16 GMT"
        }
      ],
      "EndpointProperties": [
        {
          "Name": "fingerprint",
          "Value": "4zsucno2m8"
        },
        {
          "Name": "integrity",
          "Value": "sha256-MDYK8nue/HsjRdUCaFjPoe4CiN7klWtT7nXy3kj6tp0="
        },
        {
          "Name": "label",
          "Value": "XMLFiles/Menus.xml.bak"
        }
      ]
    },
    {
      "Route": "XMLFiles/Menus.xml.bak",
      "AssetFile": "XMLFiles/Menus.xml.bak",
      "Selectors": [],
      "ResponseHeaders": [
        {
          "Name": "Accept-Ranges",
          "Value": "bytes"
        },
        {
          "Name": "Cache-Control",
          "Value": "no-cache"
        },
        {
          "Name": "Content-Length",
          "Value": "137763"
        },
        {
          "Name": "Content-Type",
          "Value": "application/octet-stream"
        },
        {
          "Name": "ETag",
          "Value": "\"MDYK8nue/HsjRdUCaFjPoe4CiN7klWtT7nXy3kj6tp0=\""
        },
        {
          "Name": "Last-Modified",
          "Value": "Tue, 31 Dec 2024 15:08:16 GMT"
        }
      ],
      "EndpointProperties": [
        {
          "Name": "integrity",
          "Value": "sha256-MDYK8nue/HsjRdUCaFjPoe4CiN7klWtT7nXy3kj6tp0="
        }
      ]
    },
    {
      "Route": "XMLFiles/ServiceDocumentTemplate.usp0qbnjkh.xml",
      "AssetFile": "XMLFiles/ServiceDocumentTemplate.xml",
      "Selectors": [],
      "ResponseHeaders": [
        {
          "Name": "Accept-Ranges",
          "Value": "bytes"
        },
        {
          "Name": "Cache-Control",
          "Value": "max-age=31536000, immutable"
        },
        {
          "Name": "Content-Length",
          "Value": "2398"
        },
        {
          "Name": "Content-Type",
          "Value": "text/xml"
        },
        {
          "Name": "ETag",
          "Value": "\"nhiB7VD/u41D9gUdY9YdprPwfFlDN2DnKcBG/TaRU3g=\""
        },
        {
          "Name": "Last-Modified",
          "Value": "Thu, 10 Apr 2025 11:56:06 GMT"
        }
      ],
      "EndpointProperties": [
        {
          "Name": "fingerprint",
          "Value": "usp0qbnjkh"
        },
        {
          "Name": "integrity",
          "Value": "sha256-nhiB7VD/u41D9gUdY9YdprPwfFlDN2DnKcBG/TaRU3g="
        },
        {
          "Name": "label",
          "Value": "XMLFiles/ServiceDocumentTemplate.xml"
        }
      ]
    },
    {
      "Route": "XMLFiles/ServiceDocumentTemplate.xml",
      "AssetFile": "XMLFiles/ServiceDocumentTemplate.xml",
      "Selectors": [],
      "ResponseHeaders": [
        {
          "Name": "Accept-Ranges",
          "Value": "bytes"
        },
        {
          "Name": "Cache-Control",
          "Value": "no-cache"
        },
        {
          "Name": "Content-Length",
          "Value": "2398"
        },
        {
          "Name": "Content-Type",
          "Value": "text/xml"
        },
        {
          "Name": "ETag",
          "Value": "\"nhiB7VD/u41D9gUdY9YdprPwfFlDN2DnKcBG/TaRU3g=\""
        },
        {
          "Name": "Last-Modified",
          "Value": "Thu, 10 Apr 2025 11:56:06 GMT"
        }
      ],
      "EndpointProperties": [
        {
          "Name": "integrity",
          "Value": "sha256-nhiB7VD/u41D9gUdY9YdprPwfFlDN2DnKcBG/TaRU3g="
        }
      ]
    },
    {
      "Route": "XMLFiles/VehicleAuthorization/CityLookUpList.5amjqyym4e.xml",
      "AssetFile": "XMLFiles/VehicleAuthorization/CityLookUpList.xml",
      "Selectors": [],
      "ResponseHeaders": [
        {
          "Name": "Accept-Ranges",
          "Value": "bytes"
        },
        {
          "Name": "Cache-Control",
          "Value": "max-age=31536000, immutable"
        },
        {
          "Name": "Content-Length",
          "Value": "4885"
        },
        {
          "Name": "Content-Type",
          "Value": "text/xml"
        },
        {
          "Name": "ETag",
          "Value": "\"c0ZoV8J4NQ+ZCZ6hvVK0M6R/sQc2Z0yqp2l1crLrXqk=\""
        },
        {
          "Name": "Last-Modified",
          "Value": "Wed, 25 Dec 2024 12:33:15 GMT"
        }
      ],
      "EndpointProperties": [
        {
          "Name": "fingerprint",
          "Value": "5amjqyym4e"
        },
        {
          "Name": "integrity",
          "Value": "sha256-c0ZoV8J4NQ+ZCZ6hvVK0M6R/sQc2Z0yqp2l1crLrXqk="
        },
        {
          "Name": "label",
          "Value": "XMLFiles/VehicleAuthorization/CityLookUpList.xml"
        }
      ]
    },
    {
      "Route": "XMLFiles/VehicleAuthorization/CityLookUpList.xml",
      "AssetFile": "XMLFiles/VehicleAuthorization/CityLookUpList.xml",
      "Selectors": [],
      "ResponseHeaders": [
        {
          "Name": "Accept-Ranges",
          "Value": "bytes"
        },
        {
          "Name": "Cache-Control",
          "Value": "no-cache"
        },
        {
          "Name": "Content-Length",
          "Value": "4885"
        },
        {
          "Name": "Content-Type",
          "Value": "text/xml"
        },
        {
          "Name": "ETag",
          "Value": "\"c0ZoV8J4NQ+ZCZ6hvVK0M6R/sQc2Z0yqp2l1crLrXqk=\""
        },
        {
          "Name": "Last-Modified",
          "Value": "Wed, 25 Dec 2024 12:33:15 GMT"
        }
      ],
      "EndpointProperties": [
        {
          "Name": "integrity",
          "Value": "sha256-c0ZoV8J4NQ+ZCZ6hvVK0M6R/sQc2Z0yqp2l1crLrXqk="
        }
      ]
    },
    {
      "Route": "XMLFiles/VehicleAuthorization/DeleteRequest.uxptez31lm.xml",
      "AssetFile": "XMLFiles/VehicleAuthorization/DeleteRequest.xml",
      "Selectors": [],
      "ResponseHeaders": [
        {
          "Name": "Accept-Ranges",
          "Value": "bytes"
        },
        {
          "Name": "Cache-Control",
          "Value": "max-age=31536000, immutable"
        },
        {
          "Name": "Content-Length",
          "Value": "6576"
        },
        {
          "Name": "Content-Type",
          "Value": "text/xml"
        },
        {
          "Name": "ETag",
          "Value": "\"ktJooAHUJQkGm41mw1uULRxcEcFKCoJnBOlcpMGYtx0=\""
        },
        {
          "Name": "Last-Modified",
          "Value": "Tue, 31 Dec 2024 15:06:06 GMT"
        }
      ],
      "EndpointProperties": [
        {
          "Name": "fingerprint",
          "Value": "uxptez31lm"
        },
        {
          "Name": "integrity",
          "Value": "sha256-ktJooAHUJQkGm41mw1uULRxcEcFKCoJnBOlcpMGYtx0="
        },
        {
          "Name": "label",
          "Value": "XMLFiles/VehicleAuthorization/DeleteRequest.xml"
        }
      ]
    },
    {
      "Route": "XMLFiles/VehicleAuthorization/DeleteRequest.xml",
      "AssetFile": "XMLFiles/VehicleAuthorization/DeleteRequest.xml",
      "Selectors": [],
      "ResponseHeaders": [
        {
          "Name": "Accept-Ranges",
          "Value": "bytes"
        },
        {
          "Name": "Cache-Control",
          "Value": "no-cache"
        },
        {
          "Name": "Content-Length",
          "Value": "6576"
        },
        {
          "Name": "Content-Type",
          "Value": "text/xml"
        },
        {
          "Name": "ETag",
          "Value": "\"ktJooAHUJQkGm41mw1uULRxcEcFKCoJnBOlcpMGYtx0=\""
        },
        {
          "Name": "Last-Modified",
          "Value": "Tue, 31 Dec 2024 15:06:06 GMT"
        }
      ],
      "EndpointProperties": [
        {
          "Name": "integrity",
          "Value": "sha256-ktJooAHUJQkGm41mw1uULRxcEcFKCoJnBOlcpMGYtx0="
        }
      ]
    },
    {
      "Route": "XMLFiles/VehicleAuthorization/DeleteResponse.llt4b5lpsa.xml",
      "AssetFile": "XMLFiles/VehicleAuthorization/DeleteResponse.xml",
      "Selectors": [],
      "ResponseHeaders": [
        {
          "Name": "Accept-Ranges",
          "Value": "bytes"
        },
        {
          "Name": "Cache-Control",
          "Value": "max-age=31536000, immutable"
        },
        {
          "Name": "Content-Length",
          "Value": "4675"
        },
        {
          "Name": "Content-Type",
          "Value": "text/xml"
        },
        {
          "Name": "ETag",
          "Value": "\"J+JIVgnOvUGcjWVcjNO80OfNlpP8WUkAa87sKx0hRR4=\""
        },
        {
          "Name": "Last-Modified",
          "Value": "Tue, 31 Dec 2024 15:07:59 GMT"
        }
      ],
      "EndpointProperties": [
        {
          "Name": "fingerprint",
          "Value": "llt4b5lpsa"
        },
        {
          "Name": "integrity",
          "Value": "sha256-J+JIVgnOvUGcjWVcjNO80OfNlpP8WUkAa87sKx0hRR4="
        },
        {
          "Name": "label",
          "Value": "XMLFiles/VehicleAuthorization/DeleteResponse.xml"
        }
      ]
    },
    {
      "Route": "XMLFiles/VehicleAuthorization/DeleteResponse.xml",
      "AssetFile": "XMLFiles/VehicleAuthorization/DeleteResponse.xml",
      "Selectors": [],
      "ResponseHeaders": [
        {
          "Name": "Accept-Ranges",
          "Value": "bytes"
        },
        {
          "Name": "Cache-Control",
          "Value": "no-cache"
        },
        {
          "Name": "Content-Length",
          "Value": "4675"
        },
        {
          "Name": "Content-Type",
          "Value": "text/xml"
        },
        {
          "Name": "ETag",
          "Value": "\"J+JIVgnOvUGcjWVcjNO80OfNlpP8WUkAa87sKx0hRR4=\""
        },
        {
          "Name": "Last-Modified",
          "Value": "Tue, 31 Dec 2024 15:07:59 GMT"
        }
      ],
      "EndpointProperties": [
        {
          "Name": "integrity",
          "Value": "sha256-J+JIVgnOvUGcjWVcjNO80OfNlpP8WUkAa87sKx0hRR4="
        }
      ]
    },
    {
      "Route": "XMLFiles/VehicleAuthorization/SearchWithDataRequest.cq5qhi8s5e.xml",
      "AssetFile": "XMLFiles/VehicleAuthorization/SearchWithDataRequest.xml",
      "Selectors": [],
      "ResponseHeaders": [
        {
          "Name": "Accept-Ranges",
          "Value": "bytes"
        },
        {
          "Name": "Cache-Control",
          "Value": "max-age=31536000, immutable"
        },
        {
          "Name": "Content-Length",
          "Value": "4738"
        },
        {
          "Name": "Content-Type",
          "Value": "text/xml"
        },
        {
          "Name": "ETag",
          "Value": "\"fKclG0FhAcO5Y4vwkTJUh7+4zkSKRRgyjGwpX/MB+08=\""
        },
        {
          "Name": "Last-Modified",
          "Value": "Mon, 23 Dec 2024 14:08:59 GMT"
        }
      ],
      "EndpointProperties": [
        {
          "Name": "fingerprint",
          "Value": "cq5qhi8s5e"
        },
        {
          "Name": "integrity",
          "Value": "sha256-fKclG0FhAcO5Y4vwkTJUh7+4zkSKRRgyjGwpX/MB+08="
        },
        {
          "Name": "label",
          "Value": "XMLFiles/VehicleAuthorization/SearchWithDataRequest.xml"
        }
      ]
    },
    {
      "Route": "XMLFiles/VehicleAuthorization/SearchWithDataRequest.xml",
      "AssetFile": "XMLFiles/VehicleAuthorization/SearchWithDataRequest.xml",
      "Selectors": [],
      "ResponseHeaders": [
        {
          "Name": "Accept-Ranges",
          "Value": "bytes"
        },
        {
          "Name": "Cache-Control",
          "Value": "no-cache"
        },
        {
          "Name": "Content-Length",
          "Value": "4738"
        },
        {
          "Name": "Content-Type",
          "Value": "text/xml"
        },
        {
          "Name": "ETag",
          "Value": "\"fKclG0FhAcO5Y4vwkTJUh7+4zkSKRRgyjGwpX/MB+08=\""
        },
        {
          "Name": "Last-Modified",
          "Value": "Mon, 23 Dec 2024 14:08:59 GMT"
        }
      ],
      "EndpointProperties": [
        {
          "Name": "integrity",
          "Value": "sha256-fKclG0FhAcO5Y4vwkTJUh7+4zkSKRRgyjGwpX/MB+08="
        }
      ]
    },
    {
      "Route": "XMLFiles/VehicleAuthorization/SortingRequest.wrzgc0m7fk.xml",
      "AssetFile": "XMLFiles/VehicleAuthorization/SortingRequest.xml",
      "Selectors": [],
      "ResponseHeaders": [
        {
          "Name": "Accept-Ranges",
          "Value": "bytes"
        },
        {
          "Name": "Cache-Control",
          "Value": "max-age=31536000, immutable"
        },
        {
          "Name": "Content-Length",
          "Value": "7781"
        },
        {
          "Name": "Content-Type",
          "Value": "text/xml"
        },
        {
          "Name": "ETag",
          "Value": "\"5DrC9SOEQYuCybM2l1m2TvNjTQ8Y+jo6PwTkD0EHbKU=\""
        },
        {
          "Name": "Last-Modified",
          "Value": "Sun, 05 Jan 2025 13:59:21 GMT"
        }
      ],
      "EndpointProperties": [
        {
          "Name": "fingerprint",
          "Value": "wrzgc0m7fk"
        },
        {
          "Name": "integrity",
          "Value": "sha256-5DrC9SOEQYuCybM2l1m2TvNjTQ8Y+jo6PwTkD0EHbKU="
        },
        {
          "Name": "label",
          "Value": "XMLFiles/VehicleAuthorization/SortingRequest.xml"
        }
      ]
    },
    {
      "Route": "XMLFiles/VehicleAuthorization/SortingRequest.xml",
      "AssetFile": "XMLFiles/VehicleAuthorization/SortingRequest.xml",
      "Selectors": [],
      "ResponseHeaders": [
        {
          "Name": "Accept-Ranges",
          "Value": "bytes"
        },
        {
          "Name": "Cache-Control",
          "Value": "no-cache"
        },
        {
          "Name": "Content-Length",
          "Value": "7781"
        },
        {
          "Name": "Content-Type",
          "Value": "text/xml"
        },
        {
          "Name": "ETag",
          "Value": "\"5DrC9SOEQYuCybM2l1m2TvNjTQ8Y+jo6PwTkD0EHbKU=\""
        },
        {
          "Name": "Last-Modified",
          "Value": "Sun, 05 Jan 2025 13:59:21 GMT"
        }
      ],
      "EndpointProperties": [
        {
          "Name": "integrity",
          "Value": "sha256-5DrC9SOEQYuCybM2l1m2TvNjTQ8Y+jo6PwTkD0EHbKU="
        }
      ]
    },
    {
      "Route": "XMLFiles/VehicleAuthorization/VehAuthFormsFrPg-NewRequest.ptnrztdpad.xml",
      "AssetFile": "XMLFiles/VehicleAuthorization/VehAuthFormsFrPg-NewRequest.xml",
      "Selectors": [],
      "ResponseHeaders": [
        {
          "Name": "Accept-Ranges",
          "Value": "bytes"
        },
        {
          "Name": "Cache-Control",
          "Value": "max-age=31536000, immutable"
        },
        {
          "Name": "Content-Length",
          "Value": "49217"
        },
        {
          "Name": "Content-Type",
          "Value": "text/xml"
        },
        {
          "Name": "ETag",
          "Value": "\"o6dwfh43HTzmtZw/MZhJETm+BCX7CVnp65By/oUZ1nI=\""
        },
        {
          "Name": "Last-Modified",
          "Value": "Wed, 01 Jan 2025 14:06:10 GMT"
        }
      ],
      "EndpointProperties": [
        {
          "Name": "fingerprint",
          "Value": "ptnrztdpad"
        },
        {
          "Name": "integrity",
          "Value": "sha256-o6dwfh43HTzmtZw/MZhJETm+BCX7CVnp65By/oUZ1nI="
        },
        {
          "Name": "label",
          "Value": "XMLFiles/VehicleAuthorization/VehAuthFormsFrPg-NewRequest.xml"
        }
      ]
    },
    {
      "Route": "XMLFiles/VehicleAuthorization/VehAuthFormsFrPg-NewRequest.xml",
      "AssetFile": "XMLFiles/VehicleAuthorization/VehAuthFormsFrPg-NewRequest.xml",
      "Selectors": [],
      "ResponseHeaders": [
        {
          "Name": "Accept-Ranges",
          "Value": "bytes"
        },
        {
          "Name": "Cache-Control",
          "Value": "no-cache"
        },
        {
          "Name": "Content-Length",
          "Value": "49217"
        },
        {
          "Name": "Content-Type",
          "Value": "text/xml"
        },
        {
          "Name": "ETag",
          "Value": "\"o6dwfh43HTzmtZw/MZhJETm+BCX7CVnp65By/oUZ1nI=\""
        },
        {
          "Name": "Last-Modified",
          "Value": "Wed, 01 Jan 2025 14:06:10 GMT"
        }
      ],
      "EndpointProperties": [
        {
          "Name": "integrity",
          "Value": "sha256-o6dwfh43HTzmtZw/MZhJETm+BCX7CVnp65By/oUZ1nI="
        }
      ]
    },
    {
      "Route": "XMLFiles/VehicleAuthorization/VehAuthFormsFrPg_SD.8h4lifn0ho.xml",
      "AssetFile": "XMLFiles/VehicleAuthorization/VehAuthFormsFrPg_SD.xml",
      "Selectors": [],
      "ResponseHeaders": [
        {
          "Name": "Accept-Ranges",
          "Value": "bytes"
        },
        {
          "Name": "Cache-Control",
          "Value": "max-age=31536000, immutable"
        },
        {
          "Name": "Content-Length",
          "Value": "54344"
        },
        {
          "Name": "Content-Type",
          "Value": "text/xml"
        },
        {
          "Name": "ETag",
          "Value": "\"7Gc3j1UrZd0dfVF4pw6WLHn1Q59EnUuX420sHga8jQM=\""
        },
        {
          "Name": "Last-Modified",
          "Value": "Wed, 01 Jan 2025 14:06:10 GMT"
        }
      ],
      "EndpointProperties": [
        {
          "Name": "fingerprint",
          "Value": "8h4lifn0ho"
        },
        {
          "Name": "integrity",
          "Value": "sha256-7Gc3j1UrZd0dfVF4pw6WLHn1Q59EnUuX420sHga8jQM="
        },
        {
          "Name": "label",
          "Value": "XMLFiles/VehicleAuthorization/VehAuthFormsFrPg_SD.xml"
        }
      ]
    },
    {
      "Route": "XMLFiles/VehicleAuthorization/VehAuthFormsFrPg_SD.xml",
      "AssetFile": "XMLFiles/VehicleAuthorization/VehAuthFormsFrPg_SD.xml",
      "Selectors": [],
      "ResponseHeaders": [
        {
          "Name": "Accept-Ranges",
          "Value": "bytes"
        },
        {
          "Name": "Cache-Control",
          "Value": "no-cache"
        },
        {
          "Name": "Content-Length",
          "Value": "54344"
        },
        {
          "Name": "Content-Type",
          "Value": "text/xml"
        },
        {
          "Name": "ETag",
          "Value": "\"7Gc3j1UrZd0dfVF4pw6WLHn1Q59EnUuX420sHga8jQM=\""
        },
        {
          "Name": "Last-Modified",
          "Value": "Wed, 01 Jan 2025 14:06:10 GMT"
        }
      ],
      "EndpointProperties": [
        {
          "Name": "integrity",
          "Value": "sha256-7Gc3j1UrZd0dfVF4pw6WLHn1Q59EnUuX420sHga8jQM="
        }
      ]
    },
    {
      "Route": "XMLFiles/VehicleAuthorization/VehAuthFormsLsPg.cqu1g8k8g9.xml",
      "AssetFile": "XMLFiles/VehicleAuthorization/VehAuthFormsLsPg.xml",
      "Selectors": [],
      "ResponseHeaders": [
        {
          "Name": "Accept-Ranges",
          "Value": "bytes"
        },
        {
          "Name": "Cache-Control",
          "Value": "max-age=31536000, immutable"
        },
        {
          "Name": "Content-Length",
          "Value": "18330"
        },
        {
          "Name": "Content-Type",
          "Value": "text/xml"
        },
        {
          "Name": "ETag",
          "Value": "\"1MEjrXzMvTxnE1vNUiJOyLybx79k8Le56holaFx9cX0=\""
        },
        {
          "Name": "Last-Modified",
          "Value": "Wed, 01 Jan 2025 14:06:10 GMT"
        }
      ],
      "EndpointProperties": [
        {
          "Name": "fingerprint",
          "Value": "cqu1g8k8g9"
        },
        {
          "Name": "integrity",
          "Value": "sha256-1MEjrXzMvTxnE1vNUiJOyLybx79k8Le56holaFx9cX0="
        },
        {
          "Name": "label",
          "Value": "XMLFiles/VehicleAuthorization/VehAuthFormsLsPg.xml"
        }
      ]
    },
    {
      "Route": "XMLFiles/VehicleAuthorization/VehAuthFormsLsPg.xml",
      "AssetFile": "XMLFiles/VehicleAuthorization/VehAuthFormsLsPg.xml",
      "Selectors": [],
      "ResponseHeaders": [
        {
          "Name": "Accept-Ranges",
          "Value": "bytes"
        },
        {
          "Name": "Cache-Control",
          "Value": "no-cache"
        },
        {
          "Name": "Content-Length",
          "Value": "18330"
        },
        {
          "Name": "Content-Type",
          "Value": "text/xml"
        },
        {
          "Name": "ETag",
          "Value": "\"1MEjrXzMvTxnE1vNUiJOyLybx79k8Le56holaFx9cX0=\""
        },
        {
          "Name": "Last-Modified",
          "Value": "Wed, 01 Jan 2025 14:06:10 GMT"
        }
      ],
      "EndpointProperties": [
        {
          "Name": "integrity",
          "Value": "sha256-1MEjrXzMvTxnE1vNUiJOyLybx79k8Le56holaFx9cX0="
        }
      ]
    },
    {
      "Route": "XMLFiles/VehicleAuthorization/VehAuthFormsVwPg.l71es7pr7b.xml",
      "AssetFile": "XMLFiles/VehicleAuthorization/VehAuthFormsVwPg.xml",
      "Selectors": [],
      "ResponseHeaders": [
        {
          "Name": "Accept-Ranges",
          "Value": "bytes"
        },
        {
          "Name": "Cache-Control",
          "Value": "max-age=31536000, immutable"
        },
        {
          "Name": "Content-Length",
          "Value": "14854"
        },
        {
          "Name": "Content-Type",
          "Value": "text/xml"
        },
        {
          "Name": "ETag",
          "Value": "\"X5oRK02YLY35zaF+roligR+2orRNDFYrkJL83xzDzcs=\""
        },
        {
          "Name": "Last-Modified",
          "Value": "Wed, 01 Jan 2025 14:06:10 GMT"
        }
      ],
      "EndpointProperties": [
        {
          "Name": "fingerprint",
          "Value": "l71es7pr7b"
        },
        {
          "Name": "integrity",
          "Value": "sha256-X5oRK02YLY35zaF+roligR+2orRNDFYrkJL83xzDzcs="
        },
        {
          "Name": "label",
          "Value": "XMLFiles/VehicleAuthorization/VehAuthFormsVwPg.xml"
        }
      ]
    },
    {
      "Route": "XMLFiles/VehicleAuthorization/VehAuthFormsVwPg.xml",
      "AssetFile": "XMLFiles/VehicleAuthorization/VehAuthFormsVwPg.xml",
      "Selectors": [],
      "ResponseHeaders": [
        {
          "Name": "Accept-Ranges",
          "Value": "bytes"
        },
        {
          "Name": "Cache-Control",
          "Value": "no-cache"
        },
        {
          "Name": "Content-Length",
          "Value": "14854"
        },
        {
          "Name": "Content-Type",
          "Value": "text/xml"
        },
        {
          "Name": "ETag",
          "Value": "\"X5oRK02YLY35zaF+roligR+2orRNDFYrkJL83xzDzcs=\""
        },
        {
          "Name": "Last-Modified",
          "Value": "Wed, 01 Jan 2025 14:06:10 GMT"
        }
      ],
      "EndpointProperties": [
        {
          "Name": "integrity",
          "Value": "sha256-X5oRK02YLY35zaF+roligR+2orRNDFYrkJL83xzDzcs="
        }
      ]
    },
    {
      "Route": "XMLFiles/VehicleAuthorization/VehAuthFormsVwPgRequest.b8pqvgweqi.xml",
      "AssetFile": "XMLFiles/VehicleAuthorization/VehAuthFormsVwPgRequest.xml",
      "Selectors": [],
      "ResponseHeaders": [
        {
          "Name": "Accept-Ranges",
          "Value": "bytes"
        },
        {
          "Name": "Cache-Control",
          "Value": "max-age=31536000, immutable"
        },
        {
          "Name": "Content-Length",
          "Value": "6586"
        },
        {
          "Name": "Content-Type",
          "Value": "text/xml"
        },
        {
          "Name": "ETag",
          "Value": "\"O0GDU5NmtyM6JAtE95e0HE8q7q2aSDMsDHilrVqlGkk=\""
        },
        {
          "Name": "Last-Modified",
          "Value": "Tue, 31 Dec 2024 15:04:59 GMT"
        }
      ],
      "EndpointProperties": [
        {
          "Name": "fingerprint",
          "Value": "b8pqvgweqi"
        },
        {
          "Name": "integrity",
          "Value": "sha256-O0GDU5NmtyM6JAtE95e0HE8q7q2aSDMsDHilrVqlGkk="
        },
        {
          "Name": "label",
          "Value": "XMLFiles/VehicleAuthorization/VehAuthFormsVwPgRequest.xml"
        }
      ]
    },
    {
      "Route": "XMLFiles/VehicleAuthorization/VehAuthFormsVwPgRequest.xml",
      "AssetFile": "XMLFiles/VehicleAuthorization/VehAuthFormsVwPgRequest.xml",
      "Selectors": [],
      "ResponseHeaders": [
        {
          "Name": "Accept-Ranges",
          "Value": "bytes"
        },
        {
          "Name": "Cache-Control",
          "Value": "no-cache"
        },
        {
          "Name": "Content-Length",
          "Value": "6586"
        },
        {
          "Name": "Content-Type",
          "Value": "text/xml"
        },
        {
          "Name": "ETag",
          "Value": "\"O0GDU5NmtyM6JAtE95e0HE8q7q2aSDMsDHilrVqlGkk=\""
        },
        {
          "Name": "Last-Modified",
          "Value": "Tue, 31 Dec 2024 15:04:59 GMT"
        }
      ],
      "EndpointProperties": [
        {
          "Name": "integrity",
          "Value": "sha256-O0GDU5NmtyM6JAtE95e0HE8q7q2aSDMsDHilrVqlGkk="
        }
      ]
    },
    {
      "Route": "XMLFiles/VehicleAuthorization/VehAuthFormsVwPgResponse.jv6jqs6d1n.xml",
      "AssetFile": "XMLFiles/VehicleAuthorization/VehAuthFormsVwPgResponse.xml",
      "Selectors": [],
      "ResponseHeaders": [
        {
          "Name": "Accept-Ranges",
          "Value": "bytes"
        },
        {
          "Name": "Cache-Control",
          "Value": "max-age=31536000, immutable"
        },
        {
          "Name": "Content-Length",
          "Value": "6539"
        },
        {
          "Name": "Content-Type",
          "Value": "text/xml"
        },
        {
          "Name": "ETag",
          "Value": "\"j5PCAb9w1dg+I+me0FLSnIjbjsMESdQrb9fmEsmp2bc=\""
        },
        {
          "Name": "Last-Modified",
          "Value": "Tue, 31 Dec 2024 15:04:46 GMT"
        }
      ],
      "EndpointProperties": [
        {
          "Name": "fingerprint",
          "Value": "jv6jqs6d1n"
        },
        {
          "Name": "integrity",
          "Value": "sha256-j5PCAb9w1dg+I+me0FLSnIjbjsMESdQrb9fmEsmp2bc="
        },
        {
          "Name": "label",
          "Value": "XMLFiles/VehicleAuthorization/VehAuthFormsVwPgResponse.xml"
        }
      ]
    },
    {
      "Route": "XMLFiles/VehicleAuthorization/VehAuthFormsVwPgResponse.xml",
      "AssetFile": "XMLFiles/VehicleAuthorization/VehAuthFormsVwPgResponse.xml",
      "Selectors": [],
      "ResponseHeaders": [
        {
          "Name": "Accept-Ranges",
          "Value": "bytes"
        },
        {
          "Name": "Cache-Control",
          "Value": "no-cache"
        },
        {
          "Name": "Content-Length",
          "Value": "6539"
        },
        {
          "Name": "Content-Type",
          "Value": "text/xml"
        },
        {
          "Name": "ETag",
          "Value": "\"j5PCAb9w1dg+I+me0FLSnIjbjsMESdQrb9fmEsmp2bc=\""
        },
        {
          "Name": "Last-Modified",
          "Value": "Tue, 31 Dec 2024 15:04:46 GMT"
        }
      ],
      "EndpointProperties": [
        {
          "Name": "integrity",
          "Value": "sha256-j5PCAb9w1dg+I+me0FLSnIjbjsMESdQrb9fmEsmp2bc="
        }
      ]
    },
    {
      "Route": "XMLFiles/VehicleAuthorization/VehAuthHistoryPg.p3r3ng292o.xml",
      "AssetFile": "XMLFiles/VehicleAuthorization/VehAuthHistoryPg.xml",
      "Selectors": [],
      "ResponseHeaders": [
        {
          "Name": "Accept-Ranges",
          "Value": "bytes"
        },
        {
          "Name": "Cache-Control",
          "Value": "max-age=31536000, immutable"
        },
        {
          "Name": "Content-Length",
          "Value": "10185"
        },
        {
          "Name": "Content-Type",
          "Value": "text/xml"
        },
        {
          "Name": "ETag",
          "Value": "\"Cz2lxO5TERLVkNVZi2fIKYjwwjHnVWDlVEUa7IAIkSs=\""
        },
        {
          "Name": "Last-Modified",
          "Value": "Wed, 01 Jan 2025 14:06:10 GMT"
        }
      ],
      "EndpointProperties": [
        {
          "Name": "fingerprint",
          "Value": "p3r3ng292o"
        },
        {
          "Name": "integrity",
          "Value": "sha256-Cz2lxO5TERLVkNVZi2fIKYjwwjHnVWDlVEUa7IAIkSs="
        },
        {
          "Name": "label",
          "Value": "XMLFiles/VehicleAuthorization/VehAuthHistoryPg.xml"
        }
      ]
    },
    {
      "Route": "XMLFiles/VehicleAuthorization/VehAuthHistoryPg.xml",
      "AssetFile": "XMLFiles/VehicleAuthorization/VehAuthHistoryPg.xml",
      "Selectors": [],
      "ResponseHeaders": [
        {
          "Name": "Accept-Ranges",
          "Value": "bytes"
        },
        {
          "Name": "Cache-Control",
          "Value": "no-cache"
        },
        {
          "Name": "Content-Length",
          "Value": "10185"
        },
        {
          "Name": "Content-Type",
          "Value": "text/xml"
        },
        {
          "Name": "ETag",
          "Value": "\"Cz2lxO5TERLVkNVZi2fIKYjwwjHnVWDlVEUa7IAIkSs=\""
        },
        {
          "Name": "Last-Modified",
          "Value": "Wed, 01 Jan 2025 14:06:10 GMT"
        }
      ],
      "EndpointProperties": [
        {
          "Name": "integrity",
          "Value": "sha256-Cz2lxO5TERLVkNVZi2fIKYjwwjHnVWDlVEUa7IAIkSs="
        }
      ]
    }
  ]
}