<?xml version="1.0" ?>
<servicedocument>
	<PerformanceAnalysis>
		<stage id="submit" startedat="" completedat="" period="" />
		<stage id="processing" startedat="" completedat="" period="" />
		<stage id="transformation" startedat="" completedat="" period="" />
		<stage id="loading" startedat="" completedat="" period="" />
	</PerformanceAnalysis>
	<actionservice>
		<actioncontrol fingerprinttoken="" userid="" password="" authenticated="0" roleid="" pageid="" profileid="" templateid=""
                   actionid="" actiontype="" actioncriteria="" nextactionid="" nextactioncriteria="" continue="" listpagesizes=""
                   listpage="" previouspageid="" previousactionid="" previousactioncriteria="" previousprofileid="" actionpageid="" passwordreset=""
                   passwordlastresetdate="" passworddaystoexpire=""  actioncallfilter="" smartclient="" twofactorauthcode="" searchpageid="" searchactioncriteria="" searchactionid="" searchpagenumber="" searchnode="" searchsorttype="" searchsortby=""/>
		<exception code="" type="" message="" context_value="" sourcecode="" stack="">
			<details></details>
			<actorexceptions></actorexceptions>
		</exception>
	</actionservice>
	<user UserId="" Name="" Type="" Roles="" RoleId="" LanguageId="eng" Direction="ltr" DepartmentId=""
		SectionId="" UnitId="" parentid="" message="" ContractId="" IsTeamLead="" WorkOrderId="" PortSites="" UserCustDepartmentID=""
		ThemeId="" TimeZone=""  SmartClientToken="" TokenExpiry=""  OrganizationId="" OwnerLocId="" passwordlastresetdate="" passworddaystoexpire="">
		<AllowedMenuActions/>
		<AllowedPageActions>
		</AllowedPageActions>
	</user>
	<pagelets>
		<xpagelet id="homepage" Classes="Form[@id='HomePage']" type="" cultureid="en-US" LanguageId="eng"
			charset="windows-1256" dir="LTR" availHeight="634" availWidth="1182" MinAcceptableYear="1900"
			user_dateformat="dmy" user_dateseparator="-" user_decimalchar="." xml_dateformat="ymd"
			xml_dateseparator="-" xml_decimalchar="." xml_date="longdate" WindowStamp="" BaseFormName=""
			BaseFormCtrlIndex="" />
	</pagelets>
	<data />
	<domaindata />
	<Languages>
		<Language id="ara" Name="Arabic" Direction="rtl"/>
		<Language id="eng" Name="English" Direction="ltr"/>
	</Languages>
	<Insts LastSDOptions="0" SDStamp="(ce8fb90c-5f4c-4624-b00f-9f39fe6e377f)" IgnoreCache="0"/>
</servicedocument>
