<servicedocument>
	<PerformanceAnalysis>
		<stage id="submit" startedat="" completedat="21:38:55:780" period=""/>
		<stage id="processing" startedat="21:38:55:780" completedat="21:38:55:858" period="0:0:78"/>
		<stage id="transformation" startedat="" completedat="" period=""/>
		<stage id="loading" startedat="0" completedat="21:37:59:675" period="1734547079675"/>
	</PerformanceAnalysis> 
  <actionservice>
	<actioncontrol fingerprinttoken="" userid="aa.alshatti" password="" authenticated="1" roleid="" pageid="ListInbox" profileid="" templateid="" actionid="ListInbox" actiontype="X" actioncriteria="[MessagingSystem].[SendDate] between '2024-11-25 00:00:00' and '2024-11-25 23:59:59.997'" nextactionid="" nextactioncriteria="" continue="" listpagesizes="" listpage="" previouspageid="" previousactionid="" previousactioncriteria="" previousprofileid="" actionpageid="ListInbox" passwordreset="" passwordlastresetdate="" passworddaystoexpire="" actioncallfilter="" smartclient="" twofactorauthcode="" searchpageid="" searchactioncriteria="" searchactionid="" searchpagenumber="" searchnode="" searchsorttype="" searchsortby=""/>

  <exception code="" type="" message="" context_value="" sourcecode="" stack="">
		<details/>
		<actorexceptions/>
	</exception>
</actionservice> 
  <user RowNumber="1" OwnerLocId="8998" LogInPortName="KUWAIT INTNL.AIRPORT" LogInPortId="8998" DepartmentId="812" ThemeId="Blue" UserType="c" StateId="PeopleCreatedState" selected="" OrganizationId="29590" UserId="aa.alshatti" LanguageId="eng" LastLogOnTime="2024-12-18T17:22:14+03:00" Password="" LogInPortNameAra="مطار الكويت الدولي" CreatedBy="emad.mohamed" Direction="ltr" PersonalId="306033" OrganizationType="Customs" CultureId="ara" FileNo="14356" FirstName="Alaa" Roles="" message="" AccountStatus="y" StdLocationTypeTypeId="33223958" IsFirstLogin="0" UserCustDepartmentId="171" MenuType="vm" AllowMenuAccess="1" AllowedBrowsers="IE,Edge,Chrome,Safari" OpenTime="2024-12-18T21:38:07.933+03:00" UnitId="" SectionId="" Groups="" Token="" TimeZone="" TwoFactorAuth="" PortSites="" RestrictAccess="" IsEmailVerified="0" MenuOrder="" MenuFavourites="" Activities="" IsMobileVerified="0" LatestUpdates="y" PWDPolicyEnable="Y" PWDPolicyEnabledDate="">
	  <AllowedMenuActions>
		  <action id="ListBrReceipts" type="select"/>
		  <action id="ListHouseBills" type="select"/>
		  <action id="ListMenuAdditionalDocRequest" type="select"/>
		  <action id="ListDepositTracking" type="select"/>
		  <action id="ListMechanicalCertificates" type="select"/>
		  <action id="ListDeliveryOrderForDeclaration" type="select"/>
		  <action id="ListMenuUTFRequest" type="select"/>
		  <action id="ListReExportRequest" type="select"/>
		  <action id="ListHeading" type="select"/>
		  <action id="ListHeading" type="select"/>
		  <action id="ListPVValuationRequests" type="select"/>
		  <action id="ListPVInformationRequests" type="select"/>
		  <action id="ListLabTestRequests" type="select"/>
		  <action id="ListPromissoryNotes" type="select"/>
		  <action id="ListLatestUpdatesToAll" type="select"/>
		  <action id="ListSection" type="select"/>
		  <action id="ListSection" type="select"/>
		  <action id="ListSubHeadings" type="select"/>
		  <action id="ListSubHeadings" type="select"/>
		  <action id="ListChapter" type="select"/>
		  <action id="ListChapter" type="select"/>
		  <action id="ListEServiceRequests" type="select"/>
		  <action id="ListBrokerExamResult" type="select"/>
		  <action id="ListMenuDocAuthRequest" type="select"/>
		  <action id="ListMenuOrganizations" type="select"/>
		  <action id="ListOrganizations" type="select"/>
		  <action id="ListOrganizations" type="select"/>
		  <action id="ListOrganizations" type="select"/>
		  <action id="ListIDDDetails" type="select"/>
		  <action id="ListADCConfiscation" type="select"/>
		  <action id="ListInbox" type="select"/>
		  <action id="ListReleaseInRequests" type="select"/>
		  <action id="ViewLocationType" type="select"/>
		  <action id="ListCustomsControlProcedures" type="select"/>
		  <action id="ListImporterPaymentRequests" type="select"/>
		  <action id="ListMenuVehAuthFrm" type="select"/>
		  <action id="ListScanDocumentRequest" type="select"/>
		  <action id="ListExemptionRequest" type="select"/>
		  <action id="ListMenuDigitalDocumentRequest" type="select"/>
		  <action id="ListDocumentSubmissionRequest" type="select"/>
		  <action id="ListBayanFileRequest" type="select"/>
		  <action id="ListUserActivityRequest" type="select"/>
		  <action id="ListADCDeclaration" type="select"/>
		  <action id="ListMenuCWHUnloadingRequest" type="select"/>
		  <action id="ListGoodsDetection" type="select"/>
		  <action id="ListReports" type="select"/>
		  <action id="ListReports" type="select"/>
		  <action id="ListDeclarationReports" type="select"/>
		  <action id="ListInterpolHBIVehicles" type="select"/>
		  <action id="ListMenuDigDocsReqReplica" type="select"/>
		  <action id="ListBusinessActivityRequest" type="select"/>
		  <action id="ListPVDoubtRequests" type="select"/>
		  <action id="ListPVDoubtRequests" type="select"/>
		  <action id="ListItem" type="select"/>
		  <action id="ListItem" type="select"/>
		  <action id="ListMechanicalCertificatesReExp" type="select"/>
		  <action id="ListCommercialInvoices" type="select"/>
		  <action id="ListMenuUsers" type="select"/>
		  <action id="ListLegalAffairsVisitRequest" type="select"/>
	  </AllowedMenuActions>
	<AllowedPageActions/>
</user> 
  <pagelets>
	<xpagelet id="ListInbox" Classes="Form[@id='HomePage']" type="" cultureid="" LanguageId="eng" dir="ltr" availHeight="" availWidth="" MinAcceptableYear="1900" user_dateformat="dmy" user_dateseparator="-" user_decimalchar="." xml_dateformat="ymd" xml_dateseparator="-" xml_decimalchar="." xml_date="longdate" WindowStamp="" BaseFormName="LatestUpdatesVwPg" BaseFormCtrlIndex=""/>
</pagelets> 
  <data>  <MessagingSystemrecords PageSize="10" PageCount="1" PageNumber="1" TotalRecordsFetched="10" SortType="" SortBy="DESC">
		<MessagingSystem rownumber="1" RowID="1" MessageId="51615529" FromOrg="29590" ToOrg="29590" MessageBody="طلب طباعة بطاقة هوية التخليص بدل فاقد LP/248/24 اسلام حمزه جينيرال بروكر" MessageType="B" Priority="N" UnRead="n" SendDate="2024-11-25T16:24:11.863+03:00" CreatedBy="islamBroker@contradictions.com" ModifiedBy="aa.alshatti" StateId="MessagingSystemCreatedState" OwnerOrgId="29590" OwnerLocId="8998" DateCreated="2024-11-25T16:24:11.863+03:00" DateModified="2024-12-17T17:50:02.22+03:00" SendTime="4:24:11 PM" MessageSubject="طلب طباعة بطاقة هوية التخليص بدل فاقد LP/248/24 اسلام حمزه جينيرال بروكر" actionid="OpenEServiceRequests" actioncriteria="[EServiceRequestsVw].[EServiceRequestId]=N'131974'" pageid="EserviceDeActTranCancelVwPg" ReferenceNumber="LP/248/24" ToRoleId="BRSeServicesReviewer" LinkKey="1"/>
		<MessagingSystem rownumber="1" RowID="2" MessageId="51615528" FromOrg="29590" ToOrg="29590" MessageBody="طلب شهادة إلى من يهمه الأمر LW/862/24 اسلام حمزه جينيرال بروكر" MessageType="B" Priority="N" UnRead="y" SendDate="2024-11-25T16:22:06.42+03:00" CreatedBy="islamBroker@contradictions.com" StateId="MessagingSystemCreatedState" OwnerOrgId="29590" OwnerLocId="8998" DateCreated="2024-11-25T16:22:06.42+03:00" SendTime="4:22:06 PM" MessageSubject="طلب شهادة إلى من يهمه الأمر LW/862/24 اسلام حمزه جينيرال بروكر" actionid="OpenEServiceRequests" actioncriteria="[EServiceRequestsVw].[EServiceRequestId]=N'131972'" pageid="EserviceDeActTranCancelVwPg" ReferenceNumber="LW/862/24" ToRoleId="BRSeServicesReviewer" LinkKey="1"/>
		<MessagingSystem rownumber="1" RowID="3" MessageId="51615527" FromOrg="29590" ToOrg="29590" MessageBody="تمت الموافقة على Change Job Title- General Authority for Manpower PRJC/178/24 ل اسلام حمزه مندوب مندوب" MessageType="B" Priority="N" UnRead="y" SendDate="2024-11-25T00:00:00+03:00" CreatedBy="aa.alshatti" ModifiedBy="aa.alshatti" StateId="MessagingSystemCreatedState" OwnerOrgId="29590" OwnerLocId="8998" DateCreated="2024-11-25T15:33:01.307+03:00" DateModified="2024-11-25T15:33:01.307+03:00" SendTime="3:33:40 PM" MessageSubject="تمت الموافقة على Change Job Title- General Authority for Manpower PRJC/178/24 ل اسلام حمزه مندوب مندوب" actionid="OpenEServiceRequests" actioncriteria="[EServiceRequestsVw].[EServiceRequestId]=N'131970'" pageid="EServiceRequestsVwPg" ReferenceNumber="PRJC/178/24" ToRoleId="CustomsBrokerAdmin" LinkKey="1"/>
		<MessagingSystem rownumber="1" RowID="4" MessageId="51615526" FromOrg="29590" ToOrg="29590" MessageBody="تمت الموافقة على Change Job Title- General Authority for Manpower PRJC/178/24 ل اسلام حمزه مندوب مندوب" MessageType="B" Priority="N" UnRead="y" SendDate="2024-11-25T00:00:00+03:00" CreatedBy="aa.alshatti" ModifiedBy="aa.alshatti" StateId="MessagingSystemCreatedState" OwnerOrgId="29590" OwnerLocId="8998" DateCreated="2024-11-25T15:30:07.14+03:00" DateModified="2024-12-17T17:46:54.693+03:00" SendTime="3:30:46 PM" MessageSubject="تمت الموافقة على Change Job Title- General Authority for Manpower PRJC/178/24 ل اسلام حمزه مندوب مندوب" actionid="OpenEServiceRequests" actioncriteria="[EServiceRequestsVw].[EServiceRequestId]=N'131970'" pageid="EServiceRequestsVwPg" ReferenceNumber="PRJC/178/24" ToRoleId="CustomsBrokerAdmin" LinkKey="1"/>
		<MessagingSystem rownumber="1" RowID="5" MessageId="51615525" FromOrg="29590" ToOrg="29590" MessageBody="تمت الموافقة على Change Job Title- General Authority for Manpower PRJC/178/24 ل اسلام حمزه مندوب مندوب" MessageType="B" Priority="N" UnRead="y" SendDate="2024-11-25T00:00:00+03:00" CreatedBy="aa.alshatti" ModifiedBy="aa.alshatti" StateId="MessagingSystemCreatedState" OwnerOrgId="29590" OwnerLocId="8998" DateCreated="2024-11-25T15:30:00.18+03:00" DateModified="2024-11-25T15:30:00.18+03:00" SendTime="3:30:39 PM" MessageSubject="تمت الموافقة على Change Job Title- General Authority for Manpower PRJC/178/24 ل اسلام حمزه مندوب مندوب" actionid="OpenEServiceRequests" actioncriteria="[EServiceRequestsVw].[EServiceRequestId]=N'131970'" pageid="EServiceRequestsVwPg" ReferenceNumber="PRJC/178/24" ToRoleId="CustomsBrokerAdmin" LinkKey="1"/>
		<MessagingSystem rownumber="1" RowID="6" MessageId="51615523" FromOrg="29590" ToOrg="29590" MessageType="B" Priority="N" UnRead="y" SendDate="2024-11-25T14:25:13.573+03:00" CreatedBy="islamBroker@contradictions.com" StateId="MessagingSystemCreatedState" OwnerOrgId="29590" OwnerLocId="8998" DateCreated="2024-11-25T14:25:13.573+03:00" SendTime="2:25:13 PM" actionid="OpenEServiceRequests" actioncriteria="[EServiceRequestsVw].[EServiceRequestId]=N'131969'" pageid="EServiceExamRequestsVwPg" ReferenceNumber="CE/3794/24" ToRoleId="BRSeServicesReviewer" LinkKey="1"/>
		<MessagingSystem rownumber="1" RowID="7" MessageId="51615522" FromOrg="29590" ToOrg="29590" MessageBody="تمت الموافقة على Broker License Issuance Request LI/830/24 ل اسلام حمزه جينيرال بروكر" MessageType="B" Priority="N" UnRead="y" SendDate="2024-11-25T00:00:00+03:00" CreatedBy="aa.alshatti" ModifiedBy="aa.alshatti" StateId="MessagingSystemCreatedState" OwnerOrgId="29590" OwnerLocId="8998" DateCreated="2024-11-25T13:46:59.63+03:00" DateModified="2024-11-25T13:46:59.63+03:00" SendTime="1:47:38 PM" MessageSubject="تمت الموافقة على Broker License Issuance Request LI/830/24 ل اسلام حمزه جينيرال بروكر" actionid="OpenEServiceRequests" actioncriteria="[EServiceRequestsVw].[EServiceRequestId]=N'131968'" pageid="EServiceRequestsVwPg" ReferenceNumber="LI/830/24" ToRoleId="CustomsBrokerAdmin" LinkKey="1"/>
		<MessagingSystem rownumber="1" RowID="8" MessageId="51615521" FromOrg="29590" ToOrg="29590" MessageBody="تمت الموافقة على Broker License Issuance Request LI/830/24 ل اسلام حمزه جينيرال بروكر" MessageType="B" Priority="N" UnRead="y" SendDate="2024-11-25T00:00:00+03:00" CreatedBy="aa.alshatti" ModifiedBy="aa.alshatti" StateId="MessagingSystemCreatedState" OwnerOrgId="29590" OwnerLocId="8998" DateCreated="2024-11-25T13:46:43.103+03:00" DateModified="2024-11-25T13:46:43.103+03:00" SendTime="1:47:22 PM" MessageSubject="تمت الموافقة على Broker License Issuance Request LI/830/24 ل اسلام حمزه جينيرال بروكر" actionid="OpenEServiceRequests" actioncriteria="[EServiceRequestsVw].[EServiceRequestId]=N'131968'" pageid="EServiceRequestsVwPg" ReferenceNumber="LI/830/24" ToRoleId="CustomsBrokerAdmin" LinkKey="1"/>
		<MessagingSystem rownumber="1" RowID="9" MessageId="51615520" FromOrg="29590" ToOrg="29590" MessageType="B" Priority="N" UnRead="y" SendDate="2024-11-25T13:44:39.097+03:00" CreatedBy="islamBroker@contradictions.com" StateId="MessagingSystemCreatedState" OwnerOrgId="29590" OwnerLocId="8998" DateCreated="2024-11-25T13:44:39.097+03:00" SendTime="1:44:39 PM" actionid="OpenEServiceRequests" actioncriteria="[EServiceRequestsVw].[EServiceRequestId]=N'131968'" pageid="EServiceIssueLicenseVwPg" ReferenceNumber="LI/830/24" ToRoleId="BRSeServicesReviewer" LinkKey="1"/>
		<MessagingSystem rownumber="1" RowID="10" MessageId="51615519" FromOrg="29590" ToOrg="29590" MessageType="B" Priority="N" UnRead="y" SendDate="2024-11-25T13:32:25.423+03:00" CreatedBy="islamBroker@contradictions.com" StateId="MessagingSystemCreatedState" OwnerOrgId="29590" OwnerLocId="8998" DateCreated="2024-11-25T13:32:25.423+03:00" SendTime="1:32:25 PM" actionid="OpenEServiceRequests" actioncriteria="[EServiceRequestsVw].[EServiceRequestId]=N'131964'" pageid="EServiceExamRequestsVwPg" ReferenceNumber="CE/3793/24" ToRoleId="BRSeServicesReviewer" LinkKey="1"/>

  <FromOrganizationrecords PageSize="1" PageCount="1" PageNumber="1" TotalRecordsFetched="1" LinkKey="1">
			<FromOrganization OrganizationId="29590" NAME="KUWAIT CUSTOMS" Description="KUWAIT CUSTOMS" LinkKey="1"/>
		</FromOrganizationrecords> 
  <ToOrganizationrecords PageSize="1" PageCount="1" PageNumber="1" TotalRecordsFetched="1" LinkKey="1">
			<ToOrganization OrganizationId="29590" NAME="KUWAIT CUSTOMS" Description="KUWAIT CUSTOMS" LinkKey="1"/>
		</ToOrganizationrecords>
	</MessagingSystemrecords>
</data>
<domaindata/>

  <Languages>
	<Language id="ara" Name="Arabic" Direction="rtl"/>
		<Language id="eng" Name="English" Direction="ltr"/>
	</Languages>
	<Insts LastSDOptions="0" SDStamp="(a73cd251-7ecb-449b-8b1c-50d196b74504)" IgnoreCache="0"/>
</servicedocument>