﻿<servicedocument>
	<PerformanceAnalysis>
		<stage id="submit" startedat="" completedat="21:38:55:780" period=""/>
		<stage id="processing" startedat="21:38:55:780" completedat="21:38:55:858" period="0:0:78"/>
		<stage id="transformation" startedat="" completedat="" period=""/>
		<stage id="loading" startedat="0" completedat="21:37:59:675" period="1734547079675"/>
	</PerformanceAnalysis> 
  <actionservice>
	<actioncontrol fingerprinttoken="" userid="aa.alshatti" password="" authenticated="1" roleid="" pageid="ListInbox" profileid="" templateid="" actionid="ListInbox" actiontype="X" actioncriteria="[MessagingSystem].[SendDate] between '2024-11-25 00:00:00' and '2024-11-25 23:59:59.997'" nextactionid="" nextactioncriteria="" continue="" listpagesizes="" listpage="" previouspageid="" previousactionid="" previousactioncriteria="" previousprofileid="" actionpageid="ListInbox" passwordreset="" passwordlastresetdate="" passworddaystoexpire="" actioncallfilter="" smartclient="" twofactorauthcode="" searchpageid="" searchactioncriteria="" searchactionid="" searchpagenumber="" searchnode="" searchsorttype="" searchsortby=""/>

  <exception code="" type="" message="" context_value="" sourcecode="" stack="">
		<details/>
		<actorexceptions/>
	</exception>
</actionservice> 
  <user RowNumber="1" OwnerLocId="8998" LogInPortName="KUWAIT INTNL.AIRPORT" LogInPortId="8998" DepartmentId="812" ThemeId="Blue" UserType="c" StateId="PeopleCreatedState" selected="" OrganizationId="29590" UserId="aa.alshatti" LanguageId="eng" LastLogOnTime="2024-12-18T17:22:14+03:00" Password="" LogInPortNameAra="مطار الكويت الدولي" CreatedBy="emad.mohamed" Direction="ltr" PersonalId="306033" OrganizationType="Customs" CultureId="ara" FileNo="14356" FirstName="Alaa" Roles="" message="" AccountStatus="y" StdLocationTypeTypeId="33223958" IsFirstLogin="0" UserCustDepartmentId="171" MenuType="vm" AllowMenuAccess="1" AllowedBrowsers="IE,Edge,Chrome,Safari" OpenTime="2024-12-18T21:38:07.933+03:00" UnitId="" SectionId="" Groups="" Token="" TimeZone="" TwoFactorAuth="" PortSites="" RestrictAccess="" IsEmailVerified="0" MenuOrder="" MenuFavourites="" Activities="" IsMobileVerified="0" LatestUpdates="y" PWDPolicyEnable="Y" PWDPolicyEnabledDate="">
	<AllowedMenuActions/>
	<AllowedPageActions/>
</user> 
  <pagelets>
	<xpagelet id="ListInbox" Classes="Form[@id='HomePage']" type="" cultureid="" LanguageId="eng" dir="ltr" availHeight="" availWidth="" MinAcceptableYear="1900" user_dateformat="dmy" user_dateseparator="-" user_decimalchar="." xml_dateformat="ymd" xml_dateseparator="-" xml_decimalchar="." xml_date="longdate" WindowStamp="" BaseFormName="LatestUpdatesVwPg" BaseFormCtrlIndex=""/>
</pagelets> 
  <data>  <MessagingSystemrecords PageSize="10" PageCount="1" PageNumber="1" TotalRecordsFetched="10" SortType="" SortBy="DESC">
		<MessagingSystem rownumber="1" RowID="1" MessageId="51615529" FromOrg="29590" ToOrg="29590" MessageBody="طلب طباعة بطاقة هوية التخليص بدل فاقد LP/248/24 اسلام حمزه جينيرال بروكر" MessageType="B" Priority="N" UnRead="n" SendDate="2024-11-25T16:24:11.863+03:00" CreatedBy="islamBroker@contradictions.com" ModifiedBy="aa.alshatti" StateId="MessagingSystemCreatedState" OwnerOrgId="29590" OwnerLocId="8998" DateCreated="2024-11-25T16:24:11.863+03:00" DateModified="2024-12-17T17:50:02.22+03:00" SendTime="4:24:11 PM" MessageSubject="طلب طباعة بطاقة هوية التخليص بدل فاقد LP/248/24 اسلام حمزه جينيرال بروكر" actionid="OpenEServiceRequests" actioncriteria="[EServiceRequestsVw].[EServiceRequestId]=N'131974'" pageid="EserviceDeActTranCancelVwPg" ReferenceNumber="LP/248/24" ToRoleId="BRSeServicesReviewer" LinkKey="1"/>
		<MessagingSystem rownumber="1" RowID="2" MessageId="51615528" FromOrg="29590" ToOrg="29590" MessageBody="طلب شهادة إلى من يهمه الأمر LW/862/24 اسلام حمزه جينيرال بروكر" MessageType="B" Priority="N" UnRead="y" SendDate="2024-11-25T16:22:06.42+03:00" CreatedBy="islamBroker@contradictions.com" StateId="MessagingSystemCreatedState" OwnerOrgId="29590" OwnerLocId="8998" DateCreated="2024-11-25T16:22:06.42+03:00" SendTime="4:22:06 PM" MessageSubject="طلب شهادة إلى من يهمه الأمر LW/862/24 اسلام حمزه جينيرال بروكر" actionid="OpenEServiceRequests" actioncriteria="[EServiceRequestsVw].[EServiceRequestId]=N'131972'" pageid="EserviceDeActTranCancelVwPg" ReferenceNumber="LW/862/24" ToRoleId="BRSeServicesReviewer" LinkKey="1"/>
		<MessagingSystem rownumber="1" RowID="3" MessageId="51615527" FromOrg="29590" ToOrg="29590" MessageBody="تمت الموافقة على Change Job Title- General Authority for Manpower PRJC/178/24 ل اسلام حمزه مندوب مندوب" MessageType="B" Priority="N" UnRead="y" SendDate="2024-11-25T00:00:00+03:00" CreatedBy="aa.alshatti" ModifiedBy="aa.alshatti" StateId="MessagingSystemCreatedState" OwnerOrgId="29590" OwnerLocId="8998" DateCreated="2024-11-25T15:33:01.307+03:00" DateModified="2024-11-25T15:33:01.307+03:00" SendTime="3:33:40 PM" MessageSubject="تمت الموافقة على Change Job Title- General Authority for Manpower PRJC/178/24 ل اسلام حمزه مندوب مندوب" actionid="OpenEServiceRequests" actioncriteria="[EServiceRequestsVw].[EServiceRequestId]=N'131970'" pageid="EServiceRequestsVwPg" ReferenceNumber="PRJC/178/24" ToRoleId="CustomsBrokerAdmin" LinkKey="1"/>
		<MessagingSystem rownumber="1" RowID="4" MessageId="51615526" FromOrg="29590" ToOrg="29590" MessageBody="تمت الموافقة على Change Job Title- General Authority for Manpower PRJC/178/24 ل اسلام حمزه مندوب مندوب" MessageType="B" Priority="N" UnRead="y" SendDate="2024-11-25T00:00:00+03:00" CreatedBy="aa.alshatti" ModifiedBy="aa.alshatti" StateId="MessagingSystemCreatedState" OwnerOrgId="29590" OwnerLocId="8998" DateCreated="2024-11-25T15:30:07.14+03:00" DateModified="2024-12-17T17:46:54.693+03:00" SendTime="3:30:46 PM" MessageSubject="تمت الموافقة على Change Job Title- General Authority for Manpower PRJC/178/24 ل اسلام حمزه مندوب مندوب" actionid="OpenEServiceRequests" actioncriteria="[EServiceRequestsVw].[EServiceRequestId]=N'131970'" pageid="EServiceRequestsVwPg" ReferenceNumber="PRJC/178/24" ToRoleId="CustomsBrokerAdmin" LinkKey="1"/>
		


  <FromOrganizationrecords PageSize="1" PageCount="1" PageNumber="1" TotalRecordsFetched="1" LinkKey="1">
			<FromOrganization OrganizationId="29590" NAME="KUWAIT CUSTOMS" Description="KUWAIT CUSTOMS" LinkKey="1"/>
		</FromOrganizationrecords> 
  <ToOrganizationrecords PageSize="1" PageCount="1" PageNumber="1" TotalRecordsFetched="1" LinkKey="1">
			<ToOrganization OrganizationId="29590" NAME="KUWAIT CUSTOMS" Description="KUWAIT CUSTOMS" LinkKey="1"/>
		</ToOrganizationrecords>
	</MessagingSystemrecords>
</data>
<domaindata/>

  <Languages>
	<Language id="ara" Name="Arabic" Direction="rtl"/>
		<Language id="eng" Name="English" Direction="ltr"/>
	</Languages>
	<Insts LastSDOptions="0" SDStamp="(a73cd251-7ecb-449b-8b1c-50d196b74504)" IgnoreCache="0"/>
</servicedocument>