﻿<servicedocument>
	<PerformanceAnalysis>
		<stage id="submit" startedat="" completedat="17:54:46:670" period=""/>
		<stage id="processing" startedat="17:54:46:670" completedat="17:54:54:653" period="0:7:983"/>
		<stage id="transformation" startedat="" completedat="" period=""/>
		<stage id="loading" startedat="0" completedat="17:55:25:724" period="1733669725724"/>
	</PerformanceAnalysis>

	<user RowNumber="1" OwnerLocId="8998" LogInPortName="SALMI (KUWAIT)" LogInPortId="7050846" DepartmentId="244" UserType="c"
          StateId="PeopleCreatedState" selected="" OrganizationId="29590" UserId="ad.alenzi" LanguageId="eng"
          LastLogOnTime="2024-12-08T17:49:02+03:00" Password="" LogInPortNameAra="السالمى" CreatedBy="Mousa.Mohsen"
          Direction="ltr" PersonalId="321273" OrganizationType="Customs" CultureId="ara" FileNo="14440"
          FirstName="FirstName 321273" Roles="" message="" AccountStatus="y" StdLocationTypeTypeId="33223960"
          PortSites="7050922" IsFirstLogin="0" UserCustDepartmentId="396" MenuType="vm" AllowMenuAccess="1"
          OpenTime="2024-12-08T17:52:35.003+03:00" UnitId="" SectionId="" ThemeId="" Groups="" Token="" TimeZone=""
          TwoFactorAuth="" RestrictAccess="" IsEmailVerified="" MenuOrder="" MenuFavourites="" AllowedBrowsers="">
		<AllowedMenuActions/>
		<AllowedPageActions/>
	</user>

	<pagelets>
		<xpagelet id="ListInbox" Classes="Form[@id='HomePage']" type="" cultureid="" LanguageId="eng" dir="ltr"
                  availHeight="785" availWidth="1600" MinAcceptableYear="1900" user_dateformat="dmy" user_dateseparator="-"
                  user_decimalchar="." xml_dateformat="ymd" xml_dateseparator="-" xml_decimalchar="." xml_date="longdate"
                  WindowStamp="" BaseFormName="LatestUpdatesVwPg" BaseFormCtrlIndex=""/>
	</pagelets>

	<data>
		<MessagingSystemrecords PageSize="10" PageCount="0" PageNumber="1" TotalRecordsFetched="0" SortType="" SortBy="DESC">
			<FromOrganizationrecords PageSize="1" PageCount="1" PageNumber="1" TotalRecordsFetched="1" LinkKey="1"/>
			<ToOrganizationrecords PageSize="1" PageCount="1" PageNumber="1" TotalRecordsFetched="1" LinkKey="1"/>
		</MessagingSystemrecords>
	</data>

	<domaindata/>

	<Languages>
		<Language id="ara" Name="Arabic" Direction="rtl"/>
		<Language id="eng" Name="English" Direction="ltr"/>
	</Languages>

	<Insts LastSDOptions="0" SDStamp="(b5e7eb9e-4839-43fd-87a9-49d4ea08c9bd)" IgnoreCache="0"/>

	<actionservice>
		<actioncontrol fingerprinttoken="" userid="ad.alenzi" password="" authenticated="1" roleid="" pageid="ListInbox"
                       profileid="" templateid="" actionid="ListInbox" actiontype="X"
                       actioncriteria="[MessagingSystem].[ReferenceNumber] = 'lc'" nextactionid="" nextactioncriteria="" continue=""
                       listpagesizes="" listpage="" previouspageid="" previousactionid="" previousactioncriteria=""
                       previousprofileid="" actionpageid="ListInbox" passwordreset="" passwordlastresetdate=""
                       passworddaystoexpire="" actioncallfilter="" smartclient="" twofactorauthcode="" searchpageid=""
                       searchactioncriteria="" searchactionid="" searchpagenumber="" searchnode="" searchsorttype=""
                       searchsortby=""/>
		<exception code="" type="" message="" context_value="" sourcecode="" stack="">
			<details/>
			<actorexceptions/>
		</exception>
	</actionservice>
</servicedocument>
