<servicedocument>
	<PerformanceAnalysis>
		<stage id="submit" startedat="" completedat="18:6:16:617" period=""/>
		<stage id="processing" startedat="18:6:16:617" completedat="18:6:28:299" period="0:11:682"/>
		<stage id="transformation" startedat="" completedat="" period=""/>
		<stage id="loading" startedat="0" completedat="18:2:24:937" period="1735657344937"/>
	</PerformanceAnalysis>
	<actionservice>
		<actioncontrol fingerprinttoken="" userid="ad.alenzi" password="" authenticated="1" roleid="" pageid="VehAuthFormsLsPg" profileid="" templateid="" actionid="ListVehicleAuthorizationForm" actiontype="X" actioncriteria="" nextactionid="" nextactioncriteria="" continue="" listpagesizes="" listpage="" previouspageid="" previousactionid="" previousactioncriteria="" previousprofileid="" actionpageid="VehAuthFormsLsPg" passwordreset="" passwordlastresetdate="" passworddaystoexpire="" actioncallfilter="" smartclient="" twofactorauthcode="" searchpageid="" searchactioncriteria="" searchactionid="" searchpagenumber="" searchnode="" searchsorttype="" searchsortby=""/>
		<exception code="" type="" message="" context_value="" sourcecode="" stack="">
			<details/>
			<actorexceptions/>
		</exception>
	</actionservice>
	<user RowNumber="1" OwnerLocId="8998" LogInPortName="SALMI (KUWAIT)" LogInPortId="7050846" DepartmentId="244" UserType="c" StateId="PeopleCreatedState" selected="" OrganizationId="29590" UserId="ad.alenzi" LanguageId="eng" LastLogOnTime="2024-12-31T17:29:01+03:00" Password="" LogInPortNameAra="السالمى" CreatedBy="Mousa.Mohsen" Direction="ltr" PersonalId="321273" OrganizationType="Customs" CultureId="ara" FileNo="14440" FirstName="FirstName 321273" Roles="" message="" AccountStatus="y" StdLocationTypeTypeId="33223960" PortSites="7050922" IsFirstLogin="0" UserCustDepartmentId="396" MenuType="vm" AllowMenuAccess="1" OpenTime="2024-12-31T17:38:14.13+03:00" UnitId="" SectionId="" ThemeId="" Groups="" Token="" TimeZone="" TwoFactorAuth="" RestrictAccess="" IsEmailVerified="0" MenuOrder="" MenuFavourites="" AllowedBrowsers="" IsMobileVerified="0" LatestUpdates="y" PWDPolicyEnable="Y" PWDPolicyEnabledDate="">
		<AllowedMenuActions/>
		<AllowedPageActions/>
	</user>
	<pagelets>
		<xpagelet id="VehAuthFormsLsPg" Classes="Form[@id='HomePage']" type="" cultureid="" LanguageId="eng" dir="ltr" availHeight="" availWidth="" MinAcceptableYear="1900" user_dateformat="dmy" user_dateseparator="-" user_decimalchar="." xml_dateformat="ymd" xml_dateseparator="-" xml_decimalchar="." xml_date="longdate" WindowStamp="" BaseFormName="LatestUpdatesVwPg" BaseFormCtrlIndex=""/>
	</pagelets>
	<data X=""/>
	<domaindata>
		<select id="WorkflowItemStates">
			<option RowNumber="1" OwnerLocId="" StateName="Approval for Issuance" StateId="VehAuthFormsApprovedState" DataProfileClassId="VehAuthForms" DataProfileClassWorkflowStateId="3813" StateDescription="VehAuthFormsApprovedState" CreatedBy="" OwnerOrgId="" StateForView="" OpenTime="2024-12-31T18:07:25.733+03:00" WorkflowItemStates_Id=""/>
			<option RowNumber="2" OwnerLocId="" StateName="Cancel and Hold" StateId="VehAuthFormsCancelledState" DataProfileClassId="VehAuthForms" DataProfileClassWorkflowStateId="3815" StateDescription="VehAuthFormsCancelledState" CreatedBy="" OwnerOrgId="" StateForView="" OpenTime="2024-12-31T18:07:25.733+03:00" WorkflowItemStates_Id=""/>
			<option RowNumber="3" OwnerLocId="" StateName="Created" StateId="VehAuthFrmCreatedState" DataProfileClassId="VehAuthForms" DataProfileClassWorkflowStateId="1168" StateDescription="Vehicle Authorization Form Created State" CreatedBy="" OwnerOrgId="" StateForView="" OpenTime="2024-12-31T18:07:25.733+03:00" WorkflowItemStates_Id=""/>
			<option RowNumber="4" OwnerLocId="" StateName="Modified" StateId="VehAuthFrmModifiedState" DataProfileClassId="VehAuthForms" DataProfileClassWorkflowStateId="2102" StateDescription="Vehicle Authorization Form Modified State" CreatedBy="" OwnerOrgId="" StateForView="" OpenTime="2024-12-31T18:07:25.733+03:00" WorkflowItemStates_Id=""/>
			<option RowNumber="5" OwnerLocId="" StateName="Submitted" StateId="VehAuthFrmSubmittedState" DataProfileClassId="VehAuthForms" DataProfileClassWorkflowStateId="2080" StateDescription="Vehicle Authorization Form Submitted State" CreatedBy="" OwnerOrgId="" StateForView="" OpenTime="2024-12-31T18:07:25.733+03:00" WorkflowItemStates_Id=""/>
		</select>
	</domaindata>
	<Languages>
		<Language id="ara" Name="Arabic" Direction="rtl"/>
		<Language id="eng" Name="English" Direction="ltr"/>
	</Languages>
	<Insts LastSDOptions="0" SDStamp="(7e3dddb3-5d0d-486c-a445-aad749e919f1)" IgnoreCache="0"/>
</servicedocument>