<?xml version="1.0"?>

<servicedocument>


<PerformanceAnalysis>
		<stage period="" completedat="16:54:23:972" startedat="" id="submit"/>
		<stage period="0:31:446" completedat="16:54:55:419" startedat="16:54:23:973" id="processing"/>
		<stage period="" completedat="" startedat="" id="transformation"/>
		<stage period="1736085310343" completedat="16:55:10:343" startedat="0" id="loading"/>
	</PerformanceAnalysis>


<actionservice>
		<actioncontrol searchsortby="[VehAuthForms].[PlateNo]" searchsorttype="ASC" searchnode="" searchpagenumber="" searchactionid="" searchactioncriteria="" searchpageid="" twofactorauthcode="" smartclient="" actioncallfilter="" passworddaystoexpire="" passwordlastresetdate="" passwordreset="" actionpageid="VehAuthFormsLsPg" previousprofileid="" previousactioncriteria="" previousactionid="" previouspageid="" listpage="" listpagesizes="" continue="" nextactioncriteria="" nextactionid="" actioncriteria="[VehAuthForms].[StateId] = 'VehAuthFormsCancelledState'" actiontype="X" actionid="ListVehicleAuthorizationForm" templateid="" profileid="" pageid="VehAuthFormsLsPg" roleid="" authenticated="1" password="" userid="ad.alenzi" fingerprinttoken=""/>


<exception stack="" sourcecode="" context_value="" message="" type="" code="">
			<details/>
			<actorexceptions/>
		</exception>
	</actionservice>


<user message="" PWDPolicyEnabledDate="" PWDPolicyEnable="Y" LatestUpdates="y" IsMobileVerified="0" AllowedBrowsers="" MenuFavourites="" MenuOrder="" IsEmailVerified="0" RestrictAccess="" TwoFactorAuth="" TimeZone="" Token="" Groups="" ThemeId="" SectionId="" UnitId="" OpenTime="2025-01-05T16:52:53.12+03:00" AllowMenuAccess="1" MenuType="vm" UserCustDepartmentId="396" IsFirstLogin="0" PortSites="7050922" StdLocationTypeTypeId="33223960" AccountStatus="y" Roles="" FirstName="FirstName 321273" FileNo="14440" CultureId="ara" OrganizationType="Customs" PersonalId="321273" Direction="ltr" CreatedBy="Mousa.Mohsen" LogInPortNameAra="السالمى" Password="" LastLogOnTime="2025-01-05T15:24:52+03:00" LanguageId="eng" UserId="ad.alenzi" OrganizationId="29590" selected="" StateId="PeopleCreatedState" UserType="c" DepartmentId="244" LogInPortId="7050846" LogInPortName="SALMI (KUWAIT)" OwnerLocId="8998" RowNumber="1">
		<AllowedMenuActions/>
		<AllowedPageActions/>
	</user>


<pagelets>
		<xpagelet dir="ltr" id="VehAuthFormsLsPg" type="" LanguageId="eng" BaseFormCtrlIndex="" BaseFormName="LatestUpdatesVwPg" WindowStamp="" xml_date="longdate" xml_decimalchar="." xml_dateseparator="-" xml_dateformat="ymd" user_decimalchar="." user_dateseparator="-" user_dateformat="dmy" MinAcceptableYear="1900" availWidth="1129" availHeight="554" cultureid="" Classes="Form[@id='HomePage']"/>
	</pagelets>


<data>


<VehAuthFormsrecords SortType="ASC" SortBy="[VehAuthForms].[PlateNo]" TotalRecordsFetched="1" PageNumber="1" PageCount="1" PageSize="15">


<VehAuthForms OpenTime="2025-01-05T16:55:37.193+03:00" CreatedBy="ad.alenzi" selected="" StateId="VehAuthFormsCancelledState" OwnerLocId="7050846" RowNumber="1" MCVAReceipts="" MCPaymentsVA="" MCGCSOnlinePayments="" MCOnlinePayments="" RejectRemarks="" IssuingAuthority="" TicketNumber="" VehAuthFormId="310889" VehCreatedDate="2024-12-09T09:12:03+03:00" ReceiptDate="2024-12-09T00:00:00+03:00" KNetReceiptNo="145236" PaymentMethod="332294079" ModeOfCreation="Manual" OwnerIdType="33223719" VehicleTypeId="33224055" IdTypeId="33223719" LocationId="7054127" PlateNo="11450" DateOfId="2024-12-01T00:00:00+03:00" OwnerOrgId="29590" ChasisNo="2222" TravelUpto="2024-12-10T00:00:00+03:00" IdNumber="282020148596" Color="White" TravelTimes="s" VehicleMake="make" Model="model" VehAuthFormNo="VAN/3810/SAL24" DriverName="Rama" OwnerIdNo="282020589632" OwnerName="Test" EngineNo="14785" VehAuthFormDate="2024-12-09T00:00:00+03:00" AuthorizationType="A" IdTypeDetails="test" VehicleAuthorizationFormIdDesc="310889">
				<MCOnlinePaymentsrecords TotalRecordsFetched="0" PageNumber="1" PageCount="1" PageSize="-1"/>
				<MCGCSOnlinePaymentsrecords TotalRecordsFetched="0" PageNumber="1" PageCount="1" PageSize="-1"/>


<MCPaymentsVArecords TotalRecordsFetched="1" PageNumber="1" PageCount="1" PageSize="-1">
					<MCPaymentsVA OpenTime="2025-01-05T16:55:49.133+03:00" CreatedBy="ad.alenzi" selected="" StateId="MCPaymentPaidState" OwnerLocId="7050846" RowNumber="1" ReceiptDate="2024-12-09T00:00:00+03:00" PaymentMethod="332294079" OwnerOrgId="29590" TokenId="" SubmissionSequence="" DrawerAccountNumber="" ChequeNumber="" BankId="" BankBranch="" ReferenceId="310889" TransactionDate="2024-12-09T10:24:17.333+03:00" ReferenceType="VAStampsCollection" ReceiptNumber="145236" PaymentTypeId="33237038" PaidFor="332295622" PaidByType="G" PaidBy="33223669" MCPaymentId="7633728" Amount="1.000" AccountId="1234"/>
				</MCPaymentsVArecords>


<MCVAReceiptsrecords TotalRecordsFetched="1" PageNumber="1" PageCount="1" PageSize="-1">
					<MCVAReceipts OpenTime="2025-01-05T16:55:51.23+03:00" selected="" StateId="ReceiptSubmittedState" RowNumber="1" VehCreatedDate="2024-12-09T09:12:03+03:00" ReferenceId="310889" ReceiptNumber="ERC/10574/SAL24" VehicleAuthorizationNumber="VAN/3810/SAL24" VehicleAuthorizationFormId="310889" Referencetype="6" ReferenceNo="VAN/3810/SAL24" ReceiptId="18575016" ReceiptDetailsId="85587920"/>
				</MCVAReceiptsrecords>
			</VehAuthForms>


<WorkflowItemStatesrecords TotalRecordsFetched="1" PageNumber="1" PageCount="-1" PageSize="20">
				<WorkflowItemStates OpenTime="2025-01-05T16:55:40.753+03:00" CreatedBy="" selected="" StateId="VehAuthFormsCancelledState" OwnerLocId="" OwnerOrgId="" StateName="Cancel and Hold"/>
			</WorkflowItemStatesrecords>
		</VehAuthFormsrecords>
	</data>


<domaindata>


<select id="WorkflowItemStates">
			<option OpenTime="2025-01-05T16:55:59.343+03:00" CreatedBy="" StateId="VehAuthFormsApprovedState" OwnerLocId="" RowNumber="1" OwnerOrgId="" StateName="Approval for Issuance" WorkflowItemStates_Id="" StateForView="" StateDescription="VehAuthFormsApprovedState" DataProfileClassWorkflowStateId="3813" DataProfileClassId="VehAuthForms"/>
			<option OpenTime="2025-01-05T16:55:59.343+03:00" CreatedBy="" StateId="VehAuthFormsCancelledState" OwnerLocId="" RowNumber="2" OwnerOrgId="" StateName="Cancel and Hold" WorkflowItemStates_Id="" StateForView="" StateDescription="VehAuthFormsCancelledState" DataProfileClassWorkflowStateId="3815" DataProfileClassId="VehAuthForms"/>
			<option OpenTime="2025-01-05T16:55:59.343+03:00" CreatedBy="" StateId="VehAuthFrmCreatedState" OwnerLocId="" RowNumber="3" OwnerOrgId="" StateName="Created" WorkflowItemStates_Id="" StateForView="" StateDescription="Vehicle Authorization Form Created State" DataProfileClassWorkflowStateId="1168" DataProfileClassId="VehAuthForms"/>
			<option OpenTime="2025-01-05T16:55:59.343+03:00" CreatedBy="" StateId="VehAuthFrmModifiedState" OwnerLocId="" RowNumber="4" OwnerOrgId="" StateName="Modified" WorkflowItemStates_Id="" StateForView="" StateDescription="Vehicle Authorization Form Modified State" DataProfileClassWorkflowStateId="2102" DataProfileClassId="VehAuthForms"/>
			<option OpenTime="2025-01-05T16:55:59.343+03:00" CreatedBy="" StateId="VehAuthFrmSubmittedState" OwnerLocId="" RowNumber="5" OwnerOrgId="" StateName="Submitted" WorkflowItemStates_Id="" StateForView="" StateDescription="Vehicle Authorization Form Submitted State" DataProfileClassWorkflowStateId="2080" DataProfileClassId="VehAuthForms"/>
		</select>
	</domaindata>


<Languages>
		<Language id="ara" Direction="rtl" Name="Arabic"/>
		<Language id="eng" Direction="ltr" Name="English"/>
	</Languages>
	<Insts IgnoreCache="0" SDStamp="(210e3cb6-3e8f-456f-a23b-872f7736ae51)" LastSDOptions="0"/>
</servicedocument>